,Год,Тип обработки,GPS №,повторность,Размер сухого агрегата,Размеры фракций,"Вес образца, г",region,"Содержание агрегатов, %"
0,2019,ПП,__,1,10-7,<0.25,5.930000000000021,Курск,29.650000000000105
1,2019,ПП,__,1,5-3,<0.25,4.47999999999999,Курск,22.39999999999995
2,2019,ПП,__,1,7-5,<0.25,6.510000000000005,Курск,32.550000000000026
3,2019,ПП,__,1,>10,<0.25,4.929999999999993,Курск,24.649999999999963
4,2019,ПП,__,2,10-7,<0.25,5.480000000000047,Курск,27.400000000000237
5,2019,ПП,__,2,5-3,<0.25,4.710000000000008,Курск,23.55000000000004
6,2019,ПП,__,2,7-5,<0.25,7.949999999999989,Курск,39.74999999999994
7,2019,ПП,__,2,>10,<0.25,4.349999999999994,Курск,21.74999999999997
8,2019,ПП,__,3,10-7,<0.25,2.460000000000008,Курск,12.30000000000004
9,2019,ПП,__,3,5-3,<0.25,4.760000000000005,Курск,23.800000000000026
10,2019,ПП,__,3,7-5,<0.25,2.890000000000001,Курск,14.450000000000005
11,2019,ПП,__,3,>10,<0.25,3.0400000000000205,Курск,15.200000000000102
12,2019,ПП,__,4,10-7,<0.25,4.449999999999989,Курск,22.249999999999943
13,2019,ПП,__,4,5-3,<0.25,3.299999999999997,Курск,16.499999999999986
14,2019,ПП,__,4,7-5,<0.25,2.6299999999999955,Курск,13.149999999999979
15,2019,ПП,__,4,>10,<0.25,3.0200000000000102,Курск,15.100000000000053
16,2019,ПП,__,5,10-7,<0.25,5.180000000000035,Курск,25.90000000000018
17,2019,ПП,__,5,5-3,<0.25,5.219999999999999,Курск,26.099999999999994
18,2019,ПП,__,5,7-5,<0.25,8.640000000000015,Курск,43.200000000000074
19,2019,ПП,__,5,>10,<0.25,3.030000000000001,Курск,15.150000000000006
20,2019,ТТ,__,1,10-7,<0.25,3.160000000000025,Курск,15.800000000000125
21,2019,ТТ,__,1,5-3,<0.25,3.2099999999999937,Курск,16.04999999999997
22,2019,ТТ,__,1,7-5,<0.25,4.110000000000014,Курск,20.550000000000068
23,2019,ТТ,__,1,>10,<0.25,2.900000000000034,Курск,14.50000000000017
24,2019,ТТ,__,2,10-7,<0.25,3.2700000000000102,Курск,16.35000000000005
25,2019,ТТ,__,2,5-3,<0.25,5.5800000000000125,Курск,27.900000000000063
26,2019,ТТ,__,2,7-5,<0.25,4.689999999999998,Курск,23.44999999999999
27,2019,ТТ,__,2,>10,<0.25,3.979999999999961,Курск,19.899999999999803
28,2019,ТТ,__,3,10-7,<0.25,4.13000000000001,Курск,20.65000000000005
29,2019,ТТ,__,3,5-3,<0.25,5.609999999999999,Курск,28.049999999999997
30,2019,ТТ,__,3,7-5,<0.25,7.42000000000003,Курск,37.10000000000015
31,2019,ТТ,__,3,>10,<0.25,1.809999999999988,Курск,9.04999999999994
32,2019,ТТ,__,4,10-7,<0.25,3.6199999999999903,Курск,18.09999999999995
33,2019,ТТ,__,4,5-3,<0.25,2.7199999999999847,Курск,13.599999999999923
34,2019,ТТ,__,4,7-5,<0.25,4.509999999999977,Курск,22.549999999999883
35,2019,ТТ,__,4,>10,<0.25,3.4199999999999733,Курск,17.099999999999866
36,2019,ТТ,__,5,10-7,<0.25,4.760000000000019,Курск,23.800000000000097
37,2019,ТТ,__,5,5-3,<0.25,4.340000000000003,Курск,21.700000000000017
38,2019,ТТ,__,5,7-5,<0.25,4.3300000000000125,Курск,21.650000000000063
39,2019,ТТ,__,5,>10,<0.25,4.2600000000000335,Курск,21.300000000000168
40,2019,ТТ,__,1,>10,>10,6.0,Курск,30.0
41,2019,ТТ,__,1,>10,10-7,1.0300000000000011,Курск,5.150000000000006
42,2019,ТТ,__,1,>10,7-5,0.0599999999999738,Курск,0.29999999999986904
43,2019,ТТ,__,1,>10,5-3,0.9099999999999966,Курск,4.549999999999983
44,2019,ТТ,__,1,>10,3-2,0.5600000000000023,Курск,2.8000000000000114
45,2019,ТТ,__,1,>10,2-1,1.829999999999984,Курск,9.14999999999992
46,2019,ТТ,__,1,>10,1-0.25,6.710000000000008,Курск,33.55000000000004
47,2019,ТТ,__,1,10-7,>7,2.950000000000003,Курск,14.750000000000012
48,2019,ТТ,__,1,10-7,7-5,0.7199999999999989,Курск,3.5999999999999943
49,2019,ТТ,__,1,10-7,5-4,0.3199999999999932,Курск,1.5999999999999661
50,2019,ТТ,__,1,10-7,4-3,1.5699999999999932,Курск,7.849999999999965
51,2019,ТТ,__,1,10-7,3-2,0.8199999999999932,Курск,4.099999999999966
52,2019,ТТ,__,1,10-7,2-1,3.3299999999999983,Курск,16.64999999999999
53,2019,ТТ,__,1,10-7,1-0.25,7.129999999999996,Курск,35.649999999999984
54,2019,ТТ,__,1,7-5,>5,3.2099999999999795,Курск,16.049999999999898
55,2019,ТТ,__,1,7-5,5-4,0.7800000000000011,Курск,3.9000000000000057
56,2019,ТТ,__,1,7-5,4-3,1.0800000000000125,Курск,5.4000000000000625
57,2019,ТТ,__,1,7-5,3-2,0.799999999999983,Курск,3.9999999999999147
58,2019,ТТ,__,1,7-5,2-1,2.5100000000000198,Курск,12.5500000000001
59,2019,ТТ,__,1,7-5,1-0.25,7.509999999999991,Курск,37.549999999999955
60,2019,ТТ,__,1,5-3,>3,2.0900000000000034,Курск,10.450000000000017
61,2019,ТТ,__,1,5-3,3-2,1.1000000000000227,Курск,5.500000000000114
62,2019,ТТ,__,1,5-3,2-1,1.8599999999999997,Курск,9.299999999999999
63,2019,ТТ,__,1,5-3,1-0.25,11.73999999999998,Курск,58.69999999999991
64,2019,ТТ,__,2,>10,>10,1.990000000000009,Курск,9.950000000000045
65,2019,ТТ,__,2,>10,10-7,0.8400000000000034,Курск,4.200000000000017
66,2019,ТТ,__,2,>10,7-5,0.3799999999999954,Курск,1.899999999999977
67,2019,ТТ,__,2,>10,5-3,0.8100000000000023,Курск,4.050000000000011
68,2019,ТТ,__,2,>10,3-2,0.3900000000000148,Курск,1.950000000000074
69,2019,ТТ,__,2,>10,2-1,1.509999999999991,Курск,7.549999999999954
70,2019,ТТ,__,2,>10,1-0.25,10.100000000000025,Курск,50.50000000000012
71,2019,ТТ,__,2,10-7,>7,0.6299999999999955,Курск,3.1499999999999773
72,2019,ТТ,__,2,10-7,7-5,1.240000000000009,Курск,6.2000000000000455
73,2019,ТТ,__,2,10-7,5-4,0.4699999999999988,Курск,2.3499999999999943
74,2019,ТТ,__,2,10-7,4-3,1.4599999999999935,Курск,7.299999999999968
75,2019,ТТ,__,2,10-7,3-2,0.9399999999999976,Курск,4.699999999999989
76,2019,ТТ,__,2,10-7,2-1,2.1299999999999955,Курск,10.649999999999977
77,2019,ТТ,__,2,10-7,1-0.25,9.86,Курск,49.3
78,2019,ТТ,__,2,7-5,>5,1.3400000000000034,Курск,6.700000000000017
79,2019,ТТ,__,2,7-5,5-4,0.3900000000000148,Курск,1.950000000000074
80,2019,ТТ,__,2,7-5,4-3,1.4499999999999886,Курск,7.249999999999942
81,2019,ТТ,__,2,7-5,3-2,1.6299999999999957,Курск,8.149999999999977
82,2019,ТТ,__,2,7-5,2-1,1.1800000000000068,Курск,5.900000000000034
83,2019,ТТ,__,2,7-5,1-0.25,9.319999999999991,Курск,46.59999999999996
84,2019,ТТ,__,2,5-3,>3,2.9399999999999977,Курск,14.699999999999989
85,2019,ТТ,__,2,5-3,3-2,1.6999999999999886,Курск,8.499999999999943
86,2019,ТТ,__,2,5-3,2-1,2.180000000000007,Курск,10.900000000000034
87,2019,ТТ,__,2,5-3,1-0.25,7.599999999999994,Курск,37.99999999999997
88,2019,ТТ,__,3,>10,>10,11.580000000000013,Курск,57.90000000000006
89,2019,ТТ,__,3,>10,10-7,0.6799999999999784,Курск,3.399999999999892
90,2019,ТТ,__,3,>10,7-5,0.9200000000000016,Курск,4.6000000000000085
91,2019,ТТ,__,3,>10,5-3,1.0300000000000011,Курск,5.150000000000006
92,2019,ТТ,__,3,>10,3-2,1.3200000000000216,Курск,6.600000000000109
93,2019,ТТ,__,3,>10,2-1,0.5499999999999972,Курск,2.749999999999986
94,2019,ТТ,__,3,>10,1-0.25,2.1099999999999994,Курск,10.549999999999997
95,2019,ТТ,__,3,10-7,>7,4.889999999999986,Курск,24.449999999999932
96,2019,ТТ,__,3,10-7,7-5,1.4399999999999975,Курск,7.199999999999987
97,2019,ТТ,__,3,10-7,5-4,0.4000000000000057,Курск,2.0000000000000284
98,2019,ТТ,__,3,10-7,4-3,1.3900000000000006,Курск,6.950000000000004
99,2019,ТТ,__,3,10-7,3-2,0.3799999999999954,Курск,1.899999999999977
100,2019,ТТ,__,3,10-7,2-1,1.539999999999992,Курск,7.699999999999959
101,2019,ТТ,__,3,10-7,1-0.25,5.8300000000000125,Курск,29.150000000000066
102,2019,ТТ,__,3,7-5,>5,3.629999999999996,Курск,18.14999999999998
103,2019,ТТ,__,3,7-5,5-4,0.6500000000000057,Курск,3.2500000000000284
104,2019,ТТ,__,3,7-5,4-3,0.4399999999999977,Курск,2.1999999999999886
105,2019,ТТ,__,3,7-5,3-2,1.269999999999996,Курск,6.349999999999981
106,2019,ТТ,__,3,7-5,2-1,1.1699999999999875,Курск,5.8499999999999375
107,2019,ТТ,__,3,7-5,1-0.25,5.419999999999988,Курск,27.09999999999994
108,2019,ТТ,__,3,5-3,>3,1.5100000000000051,Курск,7.5500000000000265
109,2019,ТТ,__,3,5-3,3-2,1.2099999999999795,Курск,6.049999999999898
110,2019,ТТ,__,3,5-3,2-1,2.0600000000000023,Курск,10.300000000000011
111,2019,ТТ,__,3,5-3,1-0.25,9.610000000000014,Курск,48.05000000000007
112,2019,ТТ,__,4,>10,>10,5.470000000000027,Курск,27.350000000000136
113,2019,ТТ,__,4,>10,10-7,0.5900000000000034,Курск,2.950000000000017
114,2019,ТТ,__,4,>10,7-5,1.25,Курск,6.25
115,2019,ТТ,__,4,>10,5-3,1.230000000000004,Курск,6.15000000000002
116,2019,ТТ,__,4,>10,3-2,0.6599999999999966,Курск,3.299999999999983
117,2019,ТТ,__,4,>10,2-1,3.509999999999991,Курск,17.549999999999955
118,2019,ТТ,__,4,>10,1-0.25,3.870000000000005,Курск,19.350000000000026
119,2019,ТТ,__,4,10-7,>7,3.5100000000000198,Курск,17.5500000000001
120,2019,ТТ,__,4,10-7,7-5,1.7800000000000011,Курск,8.900000000000006
121,2019,ТТ,__,4,10-7,5-4,0.480000000000004,Курск,2.40000000000002
122,2019,ТТ,__,4,10-7,4-3,1.0300000000000011,Курск,5.150000000000006
123,2019,ТТ,__,4,10-7,3-2,0.5600000000000023,Курск,2.8000000000000114
124,2019,ТТ,__,4,10-7,2-1,1.6299999999999957,Курск,8.149999999999977
125,2019,ТТ,__,4,10-7,1-0.25,7.389999999999986,Курск,36.94999999999993
126,2019,ТТ,__,4,7-5,>5,3.680000000000007,Курск,18.400000000000034
127,2019,ТТ,__,4,7-5,5-4,0.9300000000000068,Курск,4.650000000000034
128,2019,ТТ,__,4,7-5,4-3,1.0500000000000114,Курск,5.250000000000057
129,2019,ТТ,__,4,7-5,3-2,1.4899999999999949,Курск,7.449999999999974
130,2019,ТТ,__,4,7-5,2-1,1.5999999999999943,Курск,7.999999999999971
131,2019,ТТ,__,4,7-5,1-0.25,6.740000000000009,Курск,33.700000000000045
132,2019,ТТ,__,4,5-3,>3,3.410000000000011,Курск,17.050000000000054
133,2019,ТТ,__,4,5-3,3-2,0.9000000000000057,Курск,4.500000000000028
134,2019,ТТ,__,4,5-3,2-1,1.4000000000000057,Курск,7.000000000000028
135,2019,ТТ,__,4,5-3,1-0.25,11.569999999999991,Курск,57.84999999999996
136,2019,ТТ,__,5,>10,>10,6.739999999999995,Курск,33.699999999999974
137,2019,ТТ,__,5,>10,10-7,0.5999999999999943,Курск,2.9999999999999716
138,2019,ТТ,__,5,>10,7-5,0.1599999999999966,Курск,0.7999999999999831
139,2019,ТТ,__,5,>10,5-3,1.2399999999999949,Курск,6.199999999999974
140,2019,ТТ,__,5,>10,3-2,0.25,Курск,1.25
141,2019,ТТ,__,5,>10,2-1,1.0499999999999972,Курск,5.249999999999986
142,2019,ТТ,__,5,>10,1-0.25,5.699999999999989,Курск,28.499999999999943
143,2019,ТТ,__,5,10-7,>7,6.150000000000006,Курск,30.75000000000003
144,2019,ТТ,__,5,10-7,7-5,0.5300000000000011,Курск,2.6500000000000057
145,2019,ТТ,__,5,10-7,5-4,0.4099999999999966,Курск,2.049999999999983
146,2019,ТТ,__,5,10-7,4-3,1.1899999999999975,Курск,5.949999999999987
147,2019,ТТ,__,5,10-7,3-2,0.3199999999999932,Курск,1.5999999999999661
148,2019,ТТ,__,5,10-7,2-1,1.0799999999999983,Курск,5.3999999999999915
149,2019,ТТ,__,5,10-7,1-0.25,5.559999999999988,Курск,27.79999999999994
150,2019,ТТ,__,5,7-5,>5,3.719999999999999,Курск,18.599999999999994
151,2019,ТТ,__,5,7-5,5-4,1.1299999999999957,Курск,5.649999999999979
152,2019,ТТ,__,5,7-5,4-3,0.8900000000000148,Курск,4.450000000000074
153,2019,ТТ,__,5,7-5,3-2,0.6699999999999875,Курск,3.349999999999938
154,2019,ТТ,__,5,7-5,2-1,1.7199999999999989,Курск,8.599999999999994
155,2019,ТТ,__,5,7-5,1-0.25,7.539999999999992,Курск,37.69999999999996
156,2019,ТТ,__,5,5-3,>3,0.5300000000000011,Курск,2.6500000000000057
157,2019,ТТ,__,5,5-3,3-2,4.3300000000000125,Курск,21.650000000000063
158,2019,ТТ,__,5,5-3,2-1,1.789999999999992,Курск,8.94999999999996
159,2019,ТТ,__,5,5-3,1-0.25,9.009999999999993,Курск,45.04999999999996
160,2019,ПП,__,1,>10,>10,0.0,Курск,0.0
161,2019,ПП,__,1,>10,10-7,0.0,Курск,0.0
162,2019,ПП,__,1,>10,7-5,0.1100000000000136,Курск,0.550000000000068
163,2019,ПП,__,1,>10,5-3,1.6099999999999994,Курск,8.049999999999997
164,2019,ПП,__,1,>10,3-2,0.3499999999999943,Курск,1.7499999999999718
165,2019,ПП,__,1,>10,2-1,2.6099999999999994,Курск,13.049999999999997
166,2019,ПП,__,1,>10,1-0.25,10.39,Курск,51.95000000000001
167,2019,ПП,__,1,10-7,>7,1.1299999999999957,Курск,5.649999999999979
168,2019,ПП,__,1,10-7,7-5,0.5799999999999841,Курск,2.8999999999999204
169,2019,ПП,__,1,10-7,5-4,0.2900000000000062,Курск,1.450000000000031
170,2019,ПП,__,1,10-7,4-3,0.6200000000000045,Курск,3.1000000000000227
171,2019,ПП,__,1,10-7,3-2,0.5,Курск,2.5
172,2019,ПП,__,1,10-7,2-1,1.8199999999999927,Курск,9.099999999999964
173,2019,ПП,__,1,10-7,1-0.25,9.129999999999995,Курск,45.64999999999998
174,2019,ПП,__,1,7-5,>5,1.3799999999999957,Курск,6.899999999999978
175,2019,ПП,__,1,7-5,5-4,0.4399999999999977,Курск,2.1999999999999886
176,2019,ПП,__,1,7-5,4-3,1.1700000000000017,Курск,5.8500000000000085
177,2019,ПП,__,1,7-5,3-2,0.75,Курск,3.75
178,2019,ПП,__,1,7-5,2-1,2.1500000000000057,Курск,10.750000000000028
179,2019,ПП,__,1,7-5,1-0.25,7.599999999999994,Курск,37.99999999999997
180,2019,ПП,__,1,5-3,>3,1.5200000000000102,Курск,7.600000000000051
181,2019,ПП,__,1,5-3,3-2,0.4299999999999784,Курск,2.149999999999892
182,2019,ПП,__,1,5-3,2-1,1.9000000000000057,Курск,9.500000000000028
183,2019,ПП,__,1,5-3,1-0.25,11.670000000000016,Курск,58.35000000000008
184,2019,ПП,__,2,>10,>10,1.4399999999999975,Курск,7.199999999999987
185,2019,ПП,__,2,>10,10-7,2.3700000000000045,Курск,11.850000000000023
186,2019,ПП,__,2,>10,7-5,0.3200000000000216,Курск,1.600000000000108
187,2019,ПП,__,2,>10,5-3,0.7800000000000011,Курск,3.9000000000000057
188,2019,ПП,__,2,>10,3-2,0.8199999999999932,Курск,4.099999999999966
189,2019,ПП,__,2,>10,2-1,2.0999999999999943,Курск,10.499999999999972
190,2019,ПП,__,2,>10,1-0.25,7.819999999999993,Курск,39.099999999999966
191,2019,ПП,__,2,10-7,>7,1.6899999999999975,Курск,8.449999999999989
192,2019,ПП,__,2,10-7,7-5,1.6200000000000043,Курск,8.100000000000021
193,2019,ПП,__,2,10-7,5-4,0.7099999999999795,Курск,3.5499999999998977
194,2019,ПП,__,2,10-7,4-3,1.0,Курск,5.0
195,2019,ПП,__,2,10-7,3-2,0.8499999999999943,Курск,4.249999999999972
196,2019,ПП,__,2,10-7,2-1,1.839999999999975,Курск,9.199999999999875
197,2019,ПП,__,2,10-7,1-0.25,6.810000000000002,Курск,34.05000000000001
198,2019,ПП,__,2,7-5,>5,1.740000000000009,Курск,8.700000000000045
199,2019,ПП,__,2,7-5,5-4,1.0600000000000025,Курск,5.300000000000012
200,2019,ПП,__,2,7-5,4-3,1.1599999999999966,Курск,5.799999999999983
201,2019,ПП,__,2,7-5,3-2,-0.2599999999999909,Курск,-1.2999999999999545
202,2019,ПП,__,2,7-5,2-1,2.3799999999999955,Курск,11.899999999999977
203,2019,ПП,__,2,7-5,1-0.25,5.969999999999999,Курск,29.849999999999994
204,2019,ПП,__,2,5-3,>3,1.3400000000000034,Курск,6.700000000000017
205,2019,ПП,__,2,5-3,3-2,0.9399999999999976,Курск,4.699999999999989
206,2019,ПП,__,2,5-3,2-1,1.9399999999999975,Курск,9.699999999999989
207,2019,ПП,__,2,5-3,1-0.25,11.069999999999991,Курск,55.34999999999995
208,2019,ПП,__,3,>10,>10,2.4200000000000017,Курск,12.100000000000009
209,2019,ПП,__,3,>10,10-7,0.269999999999996,Курск,1.34999999999998
210,2019,ПП,__,3,>10,7-5,0.2199999999999988,Курск,1.099999999999994
211,2019,ПП,__,3,>10,5-3,1.2199999999999989,Курск,6.099999999999994
212,2019,ПП,__,3,>10,3-2,1.25,Курск,6.25
213,2019,ПП,__,3,>10,2-1,4.819999999999993,Курск,24.099999999999966
214,2019,ПП,__,3,>10,1-0.25,6.759999999999991,Курск,33.799999999999955
215,2019,ПП,__,3,10-7,>7,2.9599999999999937,Курск,14.799999999999969
216,2019,ПП,__,3,10-7,7-5,0.789999999999992,Курск,3.9499999999999607
217,2019,ПП,__,3,10-7,5-4,0.7600000000000051,Курск,3.8000000000000256
218,2019,ПП,__,3,10-7,4-3,2.0600000000000023,Курск,10.300000000000011
219,2019,ПП,__,3,10-7,3-2,7.719999999999999,Курск,38.599999999999994
220,2019,ПП,__,3,10-7,2-1,2.3899999999999864,Курск,11.949999999999932
221,2019,ПП,__,3,10-7,1-0.25,0.8600000000000136,Курск,4.300000000000068
222,2019,ПП,__,3,7-5,>5,1.75,Курск,8.75
223,2019,ПП,__,3,7-5,5-4,1.0,Курск,5.0
224,2019,ПП,__,3,7-5,4-3,1.7700000000000102,Курск,8.850000000000051
225,2019,ПП,__,3,7-5,3-2,0.9399999999999976,Курск,4.699999999999989
226,2019,ПП,__,3,7-5,2-1,2.089999999999989,Курск,10.449999999999946
227,2019,ПП,__,3,7-5,1-0.25,9.560000000000002,Курск,47.80000000000001
228,2019,ПП,__,3,5-3,>3,2.6899999999999977,Курск,13.44999999999999
229,2019,ПП,__,3,5-3,3-2,1.240000000000009,Курск,6.2000000000000455
230,2019,ПП,__,3,5-3,2-1,2.2299999999999898,Курск,11.149999999999949
231,2019,ПП,__,3,5-3,1-0.25,9.079999999999998,Курск,45.39999999999999
232,2019,ПП,__,4,>10,>10,9.109999999999983,Курск,45.54999999999992
233,2019,ПП,__,4,>10,10-7,0.0,Курск,0.0
234,2019,ПП,__,4,>10,7-5,0.2800000000000011,Курск,1.4000000000000055
235,2019,ПП,__,4,>10,5-3,0.3900000000000148,Курск,1.950000000000074
236,2019,ПП,__,4,>10,3-2,0.3299999999999983,Курск,1.6499999999999915
237,2019,ПП,__,4,>10,2-1,1.6699999999999875,Курск,8.349999999999937
238,2019,ПП,__,4,>10,1-0.25,5.200000000000003,Курск,26.00000000000001
239,2019,ПП,__,4,10-7,>7,2.230000000000004,Курск,11.15000000000002
240,2019,ПП,__,4,10-7,7-5,1.6599999999999966,Курск,8.299999999999983
241,2019,ПП,__,4,10-7,5-4,0.3300000000000125,Курск,1.6500000000000625
242,2019,ПП,__,4,10-7,4-3,0.9200000000000016,Курск,4.6000000000000085
243,2019,ПП,__,4,10-7,3-2,0.8199999999999932,Курск,4.099999999999966
244,2019,ПП,__,4,10-7,2-1,2.0999999999999943,Курск,10.499999999999972
245,2019,ПП,__,4,10-7,1-0.25,7.490000000000009,Курск,37.450000000000045
246,2019,ПП,__,4,7-5,>5,0.8099999999999881,Курск,4.04999999999994
247,2019,ПП,__,4,7-5,5-4,1.3299999999999983,Курск,6.649999999999992
248,2019,ПП,__,4,7-5,4-3,0.7700000000000102,Курск,3.850000000000051
249,2019,ПП,__,4,7-5,3-2,1.9399999999999975,Курск,9.699999999999989
250,2019,ПП,__,4,7-5,2-1,1.7199999999999989,Курск,8.599999999999994
251,2019,ПП,__,4,7-5,1-0.25,10.800000000000011,Курск,54.00000000000006
252,2019,ПП,__,4,5-3,>3,1.6200000000000043,Курск,8.100000000000021
253,2019,ПП,__,4,5-3,3-2,0.4499999999999886,Курск,2.249999999999943
254,2019,ПП,__,4,5-3,2-1,1.5700000000000074,Курск,7.850000000000038
255,2019,ПП,__,4,5-3,1-0.25,13.060000000000002,Курск,65.30000000000001
256,2019,ПП,__,5,>10,>10,3.780000000000001,Курск,18.900000000000006
257,2019,ПП,__,5,>10,10-7,0.4499999999999886,Курск,2.249999999999943
258,2019,ПП,__,5,>10,7-5,0.7600000000000193,Курск,3.800000000000096
259,2019,ПП,__,5,>10,5-3,1.3799999999999957,Курск,6.899999999999978
260,2019,ПП,__,5,>10,3-2,0.6099999999999994,Курск,3.049999999999997
261,2019,ПП,__,5,>10,2-1,2.9299999999999926,Курск,14.649999999999963
262,2019,ПП,__,5,>10,1-0.25,7.060000000000002,Курск,35.30000000000001
263,2019,ПП,__,5,10-7,>7,1.5499999999999972,Курск,7.749999999999986
264,2019,ПП,__,5,10-7,7-5,0.9799999999999898,Курск,4.899999999999949
265,2019,ПП,__,5,10-7,5-4,0.2299999999999897,Курск,1.1499999999999486
266,2019,ПП,__,5,10-7,4-3,1.509999999999991,Курск,7.549999999999954
267,2019,ПП,__,5,10-7,3-2,0.5900000000000034,Курск,2.950000000000017
268,2019,ПП,__,5,10-7,2-1,2.4099999999999966,Курск,12.049999999999983
269,2019,ПП,__,5,10-7,1-0.25,7.549999999999997,Курск,37.749999999999986
270,2019,ПП,__,5,7-5,>5,1.0699999999999932,Курск,5.349999999999966
271,2019,ПП,__,5,7-5,5-4,0.8499999999999943,Курск,4.249999999999972
272,2019,ПП,__,5,7-5,4-3,1.4099999999999966,Курск,7.049999999999983
273,2019,ПП,__,5,7-5,3-2,1.1899999999999975,Курск,5.949999999999987
274,2019,ПП,__,5,7-5,2-1,1.0600000000000025,Курск,5.300000000000012
275,2019,ПП,__,5,7-5,1-0.25,5.780000000000001,Курск,28.900000000000002
276,2019,ПП,__,5,5-3,>3,0.9900000000000092,Курск,4.950000000000046
277,2019,ПП,__,5,5-3,3-2,0.75,Курск,3.75
278,2019,ПП,__,5,5-3,2-1,2.1299999999999955,Курск,10.649999999999977
279,2019,ПП,__,5,5-3,1-0.25,10.909999999999997,Курск,54.54999999999999
0,2019,ПП,Архангельский,1,10-7,<0.25,4.529999999999987,архангельский,22.649999999999935
1,2019,ПП,Архангельский,1,5-3,<0.25,4.529999999999987,архангельский,22.649999999999935
2,2019,ПП,Архангельский,1,7-5,<0.25,5.010000000000019,архангельский,25.050000000000093
3,2019,ПП,Архангельский,1,>10,<0.25,3.5299999999999585,архангельский,17.649999999999793
4,2019,ПП,Архангельский,2,10-7,<0.25,3.909999999999968,архангельский,19.54999999999984
5,2019,ПП,Архангельский,2,5-3,<0.25,5.000000000000028,архангельский,25.000000000000146
6,2019,ПП,Архангельский,2,7-5,<0.25,5.899999999999963,архангельский,29.499999999999815
7,2019,ПП,Архангельский,2,>10,<0.25,4.280000000000001,архангельский,21.400000000000006
8,2019,ПП,Архангельский,3,10-7,<0.25,5.3100000000000165,архангельский,26.550000000000086
9,2019,ПП,Архангельский,3,5-3,<0.25,5.100000000000023,архангельский,25.50000000000011
10,2019,ПП,Архангельский,3,7-5,<0.25,4.540000000000006,архангельский,22.70000000000003
11,2019,ПП,Архангельский,3,>10,<0.25,3.3400000000000034,архангельский,16.700000000000017
12,2019,ПП,Архангельский,4,10-7,<0.25,3.890000000000029,архангельский,19.450000000000145
13,2019,ПП,Архангельский,4,5-3,<0.25,3.3599999999999994,архангельский,16.799999999999997
14,2019,ПП,Архангельский,4,7-5,<0.25,4.900000000000006,архангельский,24.50000000000003
15,2019,ПП,Архангельский,4,>10,<0.25,4.090000000000003,архангельский,20.450000000000017
16,2019,ПП,Архангельский,5,10-7,<0.25,3.769999999999996,архангельский,18.84999999999998
17,2019,ПП,Архангельский,5,5-3,<0.25,6.089999999999989,архангельский,30.449999999999942
18,2019,ПП,Архангельский,5,7-5,<0.25,3.3800000000000097,архангельский,16.90000000000005
19,2019,ПП,Архангельский,5,>10,<0.25,3.099999999999966,архангельский,15.499999999999831
20,2019,ТТ,Архангельский,1,10-7,<0.25,7.049999999999983,архангельский,35.249999999999915
21,2019,ТТ,Архангельский,1,5-3,<0.25,5.2900000000000205,архангельский,26.450000000000102
22,2019,ТТ,Архангельский,1,7-5,<0.25,6.909999999999982,архангельский,34.54999999999991
23,2019,ТТ,Архангельский,1,>10,<0.25,5.370000000000019,архангельский,26.850000000000097
24,2019,ТТ,Архангельский,2,10-7,<0.25,7.5800000000000125,архангельский,37.90000000000006
25,2019,ТТ,Архангельский,2,5-3,<0.25,8.800000000000011,архангельский,44.00000000000006
26,2019,ТТ,Архангельский,2,7-5,<0.25,8.249999999999929,архангельский,41.249999999999645
27,2019,ТТ,Архангельский,2,>10,<0.25,6.67000000000003,архангельский,33.35000000000015
28,2019,ТТ,Архангельский,3,10-7,<0.25,4.080000000000027,архангельский,20.400000000000134
29,2019,ТТ,Архангельский,3,5-3,<0.25,10.320000000000022,архангельский,51.600000000000115
30,2019,ТТ,Архангельский,3,7-5,<0.25,6.229999999999933,архангельский,31.149999999999668
31,2019,ТТ,Архангельский,3,>10,<0.25,3.759999999999991,архангельский,18.799999999999955
32,2019,ТТ,Архангельский,4,10-7,<0.25,5.539999999999992,архангельский,27.699999999999957
33,2019,ТТ,Архангельский,4,5-3,<0.25,7.550000000000026,архангельский,37.75000000000013
34,2019,ТТ,Архангельский,4,7-5,<0.25,7.079999999999984,архангельский,35.39999999999992
35,2019,ТТ,Архангельский,4,>10,<0.25,5.2999999999999545,архангельский,26.499999999999773
36,2019,ТТ,Архангельский,5,10-7,<0.25,7.790000000000006,архангельский,38.95000000000003
37,2019,ТТ,Архангельский,5,5-3,<0.25,5.45999999999998,архангельский,27.2999999999999
38,2019,ТТ,Архангельский,5,7-5,<0.25,5.379999999999996,архангельский,26.89999999999998
39,2019,ТТ,Архангельский,5,>10,<0.25,4.970000000000027,архангельский,24.850000000000136
40,2019,ТТ,Архангельский,1,>10,>10,1.4599999999999795,архангельский,7.299999999999899
41,2019,ТТ,Архангельский,1,>10,10-7,0.0300000000000011,архангельский,0.1500000000000055
42,2019,ТТ,Архангельский,1,>10,7-5,0.079999999999984,архангельский,0.39999999999992003
43,2019,ТТ,Архангельский,1,>10,5-3,1.3400000000000034,архангельский,6.700000000000017
44,2019,ТТ,Архангельский,1,>10,3-2,0.6899999999999977,архангельский,3.4499999999999886
45,2019,ТТ,Архангельский,1,>10,2-1,4.190000000000012,архангельский,20.95000000000006
46,2019,ТТ,Архангельский,1,>10,1-0.25,6.840000000000003,архангельский,34.20000000000002
47,2019,ТТ,Архангельский,1,10-7,>7,1.9199999999999875,архангельский,9.599999999999937
48,2019,ТТ,Архангельский,1,10-7,7-5,0.3299999999999983,архангельский,1.6499999999999915
49,2019,ТТ,Архангельский,1,10-7,5-4,0.5700000000000074,архангельский,2.850000000000037
50,2019,ТТ,Архангельский,1,10-7,4-3,0.7800000000000011,архангельский,3.9000000000000057
51,2019,ТТ,Архангельский,1,10-7,3-2,1.0200000000000102,архангельский,5.100000000000051
52,2019,ТТ,Архангельский,1,10-7,2-1,1.3400000000000034,архангельский,6.700000000000017
53,2019,ТТ,Архангельский,1,10-7,1-0.25,6.990000000000009,архангельский,34.950000000000045
54,2019,ТТ,Архангельский,1,7-5,>5,1.3199999999999932,архангельский,6.599999999999966
55,2019,ТТ,Архангельский,1,7-5,5-4,0.6700000000000017,архангельский,3.3500000000000085
56,2019,ТТ,Архангельский,1,7-5,4-3,1.6000000000000227,архангельский,8.000000000000114
57,2019,ТТ,Архангельский,1,7-5,3-2,0.9099999999999966,архангельский,4.549999999999983
58,2019,ТТ,Архангельский,1,7-5,2-1,3.1799999999999784,архангельский,15.899999999999892
59,2019,ТТ,Архангельский,1,7-5,1-0.25,5.410000000000025,архангельский,27.050000000000125
60,2019,ТТ,Архангельский,1,5-3,>3,1.5100000000000051,архангельский,7.5500000000000265
61,2019,ТТ,Архангельский,1,5-3,3-2,1.549999999999983,архангельский,7.749999999999916
62,2019,ТТ,Архангельский,1,5-3,2-1,3.089999999999989,архангельский,15.449999999999948
63,2019,ТТ,Архангельский,1,5-3,1-0.25,8.560000000000002,архангельский,42.80000000000001
64,2019,ТТ,Архангельский,2,>10,>10,0.0199999999999818,архангельский,0.099999999999909
65,2019,ТТ,Архангельский,2,>10,10-7,0.039999999999992,архангельский,0.19999999999996002
66,2019,ТТ,Архангельский,2,>10,7-5,1.210000000000008,архангельский,6.05000000000004
67,2019,ТТ,Архангельский,2,>10,5-3,2.4099999999999966,архангельский,12.049999999999983
68,2019,ТТ,Архангельский,2,>10,3-2,1.480000000000004,архангельский,7.400000000000021
69,2019,ТТ,Архангельский,2,>10,2-1,3.1599999999999966,архангельский,15.799999999999983
70,2019,ТТ,Архангельский,2,>10,1-0.25,5.009999999999991,архангельский,25.049999999999955
71,2019,ТТ,Архангельский,2,10-7,>7,0.7700000000000102,архангельский,3.850000000000051
72,2019,ТТ,Архангельский,2,10-7,7-5,0.7199999999999989,архангельский,3.5999999999999943
73,2019,ТТ,Архангельский,2,10-7,5-4,0.9700000000000132,архангельский,4.850000000000066
74,2019,ТТ,Архангельский,2,10-7,4-3,1.019999999999996,архангельский,5.09999999999998
75,2019,ТТ,Архангельский,2,10-7,3-2,1.509999999999991,архангельский,7.549999999999954
76,2019,ТТ,Архангельский,2,10-7,2-1,4.340000000000003,архангельский,21.700000000000017
77,2019,ТТ,Архангельский,2,10-7,1-0.25,3.089999999999975,архангельский,15.449999999999875
78,2019,ТТ,Архангельский,2,7-5,>5,1.5799999999999983,архангельский,7.8999999999999915
79,2019,ТТ,Архангельский,2,7-5,5-4,0.5900000000000034,архангельский,2.950000000000017
80,2019,ТТ,Архангельский,2,7-5,4-3,1.0700000000000216,архангельский,5.350000000000108
81,2019,ТТ,Архангельский,2,7-5,3-2,0.8500000000000227,архангельский,4.250000000000114
82,2019,ТТ,Архангельский,2,7-5,2-1,1.9699999999999989,архангельский,9.849999999999994
83,2019,ТТ,Архангельский,2,7-5,1-0.25,5.690000000000026,архангельский,28.45000000000013
84,2019,ТТ,Архангельский,2,5-3,>3,1.5999999999999943,архангельский,7.999999999999971
85,2019,ТТ,Архангельский,2,5-3,3-2,1.5800000000000125,архангельский,7.9000000000000625
86,2019,ТТ,Архангельский,2,5-3,2-1,1.9699999999999989,архангельский,9.849999999999994
87,2019,ТТ,Архангельский,2,5-3,1-0.25,6.049999999999983,архангельский,30.249999999999915
88,2019,ТТ,Архангельский,3,>10,>10,1.3200000000000216,архангельский,6.600000000000109
89,2019,ТТ,Архангельский,3,>10,>10,1.3200000000000216,архангельский,6.600000000000109
90,2019,ТТ,Архангельский,3,>10,7-5,0.0999999999999943,архангельский,0.49999999999997147
91,2019,ТТ,Архангельский,3,>10,5-3,1.789999999999992,архангельский,8.94999999999996
92,2019,ТТ,Архангельский,3,>10,3-2,1.9099999999999968,архангельский,9.549999999999983
93,2019,ТТ,Архангельский,3,>10,2-1,4.569999999999993,архангельский,22.849999999999966
94,2019,ТТ,Архангельский,3,>10,1-0.25,5.22999999999999,архангельский,26.149999999999952
95,2019,ТТ,Архангельский,3,10-7,>7,0.7199999999999989,архангельский,3.5999999999999943
96,2019,ТТ,Архангельский,3,10-7,7-5,1.6899999999999975,архангельский,8.449999999999989
97,2019,ТТ,Архангельский,3,10-7,5-4,1.230000000000004,архангельский,6.15000000000002
98,2019,ТТ,Архангельский,3,10-7,4-3,2.1299999999999955,архангельский,10.649999999999977
99,2019,ТТ,Архангельский,3,10-7,3-2,1.329999999999984,архангельский,6.6499999999999195
100,2019,ТТ,Архангельский,3,10-7,2-1,2.1899999999999977,архангельский,10.949999999999989
101,2019,ТТ,Архангельский,3,10-7,1-0.25,6.629999999999996,архангельский,33.14999999999998
102,2019,ТТ,Архангельский,3,7-5,>5,1.0,архангельский,5.0
103,2019,ТТ,Архангельский,3,7-5,5-4,0.8600000000000136,архангельский,4.300000000000068
104,2019,ТТ,Архангельский,3,7-5,4-3,1.3200000000000216,архангельский,6.600000000000109
105,2019,ТТ,Архангельский,3,7-5,3-2,1.6599999999999966,архангельский,8.299999999999983
106,2019,ТТ,Архангельский,3,7-5,2-1,3.77000000000001,архангельский,18.85000000000005
107,2019,ТТ,Архангельский,3,7-5,1-0.25,5.160000000000025,архангельский,25.80000000000012
108,2019,ТТ,Архангельский,3,5-3,>3,1.0300000000000011,архангельский,5.150000000000006
109,2019,ТТ,Архангельский,3,5-3,3-2,2.7299999999999898,архангельский,13.649999999999949
110,2019,ТТ,Архангельский,3,5-3,2-1,3.9099999999999966,архангельский,19.549999999999983
111,2019,ТТ,Архангельский,3,5-3,1-0.25,2.009999999999991,архангельский,10.049999999999955
112,2019,ТТ,Архангельский,4,>10,>10,2.8700000000000045,архангельский,14.350000000000025
113,2019,ТТ,Архангельский,4,>10,10-7,0.0300000000000011,архангельский,0.1500000000000055
114,2019,ТТ,Архангельский,4,>10,7-5,0.1400000000000147,архангельский,0.7000000000000735
115,2019,ТТ,Архангельский,4,>10,5-3,1.0800000000000125,архангельский,5.4000000000000625
116,2019,ТТ,Архангельский,4,>10,3-2,0.9100000000000108,архангельский,4.550000000000054
117,2019,ТТ,Архангельский,4,>10,2-1,4.789999999999992,архангельский,23.94999999999996
118,2019,ТТ,Архангельский,4,>10,1-0.25,4.88000000000001,архангельский,24.40000000000005
119,2019,ТТ,Архангельский,4,10-7,>7,1.3199999999999932,архангельский,6.599999999999966
120,2019,ТТ,Архангельский,4,10-7,7-5,0.4699999999999988,архангельский,2.3499999999999943
121,2019,ТТ,Архангельский,4,10-7,5-4,0.1700000000000017,архангельский,0.8500000000000085
122,2019,ТТ,Архангельский,4,10-7,4-3,1.2800000000000011,архангельский,6.400000000000006
123,2019,ТТ,Архангельский,4,10-7,3-2,1.039999999999992,архангельский,5.19999999999996
124,2019,ТТ,Архангельский,4,10-7,2-1,1.4200000000000017,архангельский,7.100000000000009
125,2019,ТТ,Архангельский,4,10-7,1-0.25,8.76000000000002,архангельский,43.8000000000001
126,2019,ТТ,Архангельский,4,7-5,>5,1.9399999999999975,архангельский,9.699999999999989
127,2019,ТТ,Архангельский,4,7-5,5-4,0.5,архангельский,2.5
128,2019,ТТ,Архангельский,4,7-5,4-3,0.6299999999999955,архангельский,3.1499999999999773
129,2019,ТТ,Архангельский,4,7-5,3-2,1.2700000000000102,архангельский,6.350000000000051
130,2019,ТТ,Архангельский,4,7-5,2-1,3.6500000000000057,архангельский,18.25000000000003
131,2019,ТТ,Архангельский,4,7-5,1-0.25,4.930000000000007,архангельский,24.650000000000034
132,2019,ТТ,Архангельский,4,5-3,>3,1.4000000000000057,архангельский,7.000000000000028
133,2019,ТТ,Архангельский,4,5-3,3-2,1.049999999999983,архангельский,5.249999999999915
134,2019,ТТ,Архангельский,4,5-3,2-1,2.039999999999992,архангельский,10.19999999999996
135,2019,ТТ,Архангельский,4,5-3,1-0.25,7.959999999999994,архангельский,39.79999999999997
136,2019,ТТ,Архангельский,5,>10,>10,3.259999999999991,архангельский,16.299999999999955
137,2019,ТТ,Архангельский,5,>10,10-7,0.2399999999999806,архангельский,1.199999999999903
138,2019,ТТ,Архангельский,5,>10,7-5,0.5300000000000011,архангельский,2.6500000000000057
139,2019,ТТ,Архангельский,5,>10,5-3,1.5300000000000011,архангельский,7.650000000000006
140,2019,ТТ,Архангельский,5,>10,3-2,0.9500000000000028,архангельский,4.750000000000014
141,2019,ТТ,Архангельский,5,>10,2-1,3.200000000000003,архангельский,16.000000000000014
142,2019,ТТ,Архангельский,5,>10,1-0.25,5.319999999999993,архангельский,26.59999999999997
143,2019,ТТ,Архангельский,5,10-7,>7,0.710000000000008,архангельский,3.55000000000004
144,2019,ТТ,Архангельский,5,10-7,7-5,0.9099999999999966,архангельский,4.549999999999983
145,2019,ТТ,Архангельский,5,10-7,5-4,0.5699999999999932,архангельский,2.849999999999966
146,2019,ТТ,Архангельский,5,10-7,4-3,0.7099999999999937,архангельский,3.5499999999999683
147,2019,ТТ,Архангельский,5,10-7,3-2,0.8000000000000114,архангельский,4.000000000000057
148,2019,ТТ,Архангельский,5,10-7,2-1,1.75,архангельский,8.75
149,2019,ТТ,Архангельский,5,10-7,1-0.25,6.759999999999991,архангельский,33.799999999999955
150,2019,ТТ,Архангельский,5,7-5,>5,2.140000000000001,архангельский,10.700000000000005
151,2019,ТТ,Архангельский,5,7-5,5-4,0.7000000000000028,архангельский,3.500000000000014
152,2019,ТТ,Архангельский,5,7-5,4-3,0.9699999999999988,архангельский,4.849999999999994
153,2019,ТТ,Архангельский,5,7-5,3-2,1.710000000000008,архангельский,8.55000000000004
154,2019,ТТ,Архангельский,5,7-5,2-1,3.069999999999993,архангельский,15.349999999999966
155,2019,ТТ,Архангельский,5,7-5,1-0.25,6.030000000000001,архангельский,30.150000000000006
156,2019,ТТ,Архангельский,5,5-3,>3,0.480000000000004,архангельский,2.40000000000002
157,2019,ТТ,Архангельский,5,5-3,3-2,2.1200000000000045,архангельский,10.600000000000023
158,2019,ТТ,Архангельский,5,5-3,2-1,3.3599999999999994,архангельский,16.799999999999997
159,2019,ТТ,Архангельский,5,5-3,1-0.25,8.580000000000013,архангельский,42.90000000000006
160,2019,ПП,Архангельский,1,>10,>10,6.379999999999996,архангельский,31.899999999999984
161,2019,ПП,Архангельский,1,>10,10-7,0.6599999999999966,архангельский,3.299999999999983
162,2019,ПП,Архангельский,1,>10,7-5,1.660000000000025,архангельский,8.300000000000125
163,2019,ПП,Архангельский,1,>10,5-3,2.7700000000000102,архангельский,13.850000000000051
164,2019,ПП,Архангельский,1,>10,3-2,1.1200000000000043,архангельский,5.600000000000022
165,2019,ПП,Архангельский,1,>10,2-1,1.4200000000000017,архангельский,7.100000000000009
166,2019,ПП,Архангельский,1,>10,1-0.25,2.460000000000008,архангельский,12.30000000000004
167,2019,ПП,Архангельский,1,10-7,>7,5.159999999999997,архангельский,25.799999999999983
168,2019,ПП,Архангельский,1,10-7,7-5,0.3000000000000113,архангельский,1.5000000000000564
169,2019,ПП,Архангельский,1,10-7,5-4,1.2999999999999972,архангельский,6.499999999999987
170,2019,ПП,Архангельский,1,10-7,4-3,1.6099999999999994,архангельский,8.049999999999997
171,2019,ПП,Архангельский,1,10-7,3-2,1.3400000000000034,архангельский,6.700000000000017
172,2019,ПП,Архангельский,1,10-7,2-1,1.7399999999999949,архангельский,8.699999999999974
173,2019,ПП,Архангельский,1,10-7,1-0.25,4.02000000000001,архангельский,20.10000000000005
174,2019,ПП,Архангельский,1,7-5,>5,3.089999999999989,архангельский,15.449999999999948
175,2019,ПП,Архангельский,1,7-5,5-4,2.269999999999996,архангельский,11.34999999999998
176,2019,ПП,Архангельский,1,7-5,4-3,1.9800000000000184,архангельский,9.900000000000093
177,2019,ПП,Архангельский,1,7-5,3-2,1.240000000000009,архангельский,6.2000000000000455
178,2019,ПП,Архангельский,1,7-5,2-1,2.369999999999976,архангельский,11.84999999999988
179,2019,ПП,Архангельский,1,7-5,1-0.25,4.039999999999992,архангельский,20.19999999999996
180,2019,ПП,Архангельский,1,5-3,>3,4.38000000000001,архангельский,21.90000000000005
181,2019,ПП,Архангельский,1,5-3,3-2,2.5999999999999943,архангельский,12.999999999999973
182,2019,ПП,Архангельский,1,5-3,2-1,2.219999999999999,архангельский,11.099999999999994
183,2019,ПП,Архангельский,1,5-3,1-0.25,6.27000000000001,архангельский,31.35000000000005
184,2019,ПП,Архангельский,2,>10,>10,3.039999999999992,архангельский,15.19999999999996
185,2019,ПП,Архангельский,2,>10,10-7,1.0300000000000011,архангельский,5.150000000000006
186,2019,ПП,Архангельский,2,>10,7-5,1.9800000000000184,архангельский,9.900000000000093
187,2019,ПП,Архангельский,2,>10,5-3,3.9799999999999898,архангельский,19.89999999999995
188,2019,ПП,Архангельский,2,>10,3-2,1.5499999999999972,архангельский,7.749999999999986
189,2019,ПП,Архангельский,2,>10,2-1,1.5300000000000011,архангельский,7.650000000000006
190,2019,ПП,Архангельский,2,>10,1-0.25,2.6099999999999994,архангельский,13.049999999999997
191,2019,ПП,Архангельский,2,10-7,>7,7.400000000000006,архангельский,37.00000000000003
192,2019,ПП,Архангельский,2,10-7,7-5,2.030000000000001,архангельский,10.150000000000006
193,2019,ПП,Архангельский,2,10-7,5-4,2.039999999999992,архангельский,10.19999999999996
194,2019,ПП,Архангельский,2,10-7,4-3,1.0700000000000074,архангельский,5.350000000000037
195,2019,ПП,Архангельский,2,10-7,3-2,0.5400000000000205,архангельский,2.7000000000001023
196,2019,ПП,Архангельский,2,10-7,2-1,1.2099999999999935,архангельский,6.049999999999968
197,2019,ПП,Архангельский,2,10-7,1-0.25,1.8000000000000114,архангельский,9.000000000000057
198,2019,ПП,Архангельский,2,7-5,>5,1.6299999999999957,архангельский,8.149999999999977
199,2019,ПП,Архангельский,2,7-5,5-4,2.4200000000000017,архангельский,12.100000000000009
200,2019,ПП,Архангельский,2,7-5,4-3,3.160000000000025,архангельский,15.800000000000125
201,2019,ПП,Архангельский,2,7-5,3-2,1.5600000000000025,архангельский,7.800000000000012
202,2019,ПП,Архангельский,2,7-5,2-1,1.490000000000009,архангельский,7.4500000000000455
203,2019,ПП,Архангельский,2,7-5,1-0.25,3.8400000000000034,архангельский,19.200000000000017
204,2019,ПП,Архангельский,2,5-3,>3,5.399999999999992,архангельский,26.999999999999964
205,2019,ПП,Архангельский,2,5-3,3-2,2.8899999999999864,архангельский,14.449999999999932
206,2019,ПП,Архангельский,2,5-3,2-1,2.4099999999999966,архангельский,12.049999999999983
207,2019,ПП,Архангельский,2,5-3,1-0.25,4.299999999999997,архангельский,21.499999999999986
208,2019,ПП,Архангельский,3,>10,>10,8.219999999999999,архангельский,41.099999999999994
209,2019,ПП,Архангельский,3,>10,10-7,0.3799999999999954,архангельский,1.899999999999977
210,2019,ПП,Архангельский,3,>10,7-5,0.7700000000000102,архангельский,3.850000000000051
211,2019,ПП,Архангельский,3,>10,5-3,1.9799999999999895,архангельский,9.899999999999947
212,2019,ПП,Архангельский,3,>10,3-2,1.0899999999999892,архангельский,5.449999999999946
213,2019,ПП,Архангельский,3,>10,2-1,1.7399999999999949,архангельский,8.699999999999974
214,2019,ПП,Архангельский,3,>10,1-0.25,2.480000000000018,архангельский,12.400000000000091
215,2019,ПП,Архангельский,3,10-7,>7,2.240000000000009,архангельский,11.200000000000045
216,2019,ПП,Архангельский,3,10-7,7-5,2.030000000000001,архангельский,10.150000000000006
217,2019,ПП,Архангельский,3,10-7,5-4,2.200000000000003,архангельский,11.000000000000014
218,2019,ПП,Архангельский,3,10-7,4-3,1.5999999999999943,архангельский,7.999999999999971
219,2019,ПП,Архангельский,3,10-7,3-2,1.0199999999999818,архангельский,5.099999999999909
220,2019,ПП,Архангельский,3,10-7,2-1,0.8700000000000045,архангельский,4.350000000000023
221,2019,ПП,Архангельский,3,10-7,1-0.25,4.72999999999999,архангельский,23.64999999999995
222,2019,ПП,Архангельский,3,7-5,>5,1.6599999999999966,архангельский,8.299999999999983
223,2019,ПП,Архангельский,3,7-5,5-4,5.739999999999995,архангельский,28.699999999999974
224,2019,ПП,Архангельский,3,7-5,4-3,1.740000000000009,архангельский,8.700000000000045
225,2019,ПП,Архангельский,3,7-5,3-2,0.8700000000000045,архангельский,4.350000000000023
226,2019,ПП,Архангельский,3,7-5,2-1,1.2199999999999989,архангельский,6.099999999999994
227,2019,ПП,Архангельский,3,7-5,1-0.25,4.22999999999999,архангельский,21.14999999999995
228,2019,ПП,Архангельский,3,5-3,>3,1.9699999999999989,архангельский,9.849999999999994
229,2019,ПП,Архангельский,3,5-3,3-2,2.569999999999993,архангельский,12.849999999999968
230,2019,ПП,Архангельский,3,5-3,2-1,4.009999999999991,архангельский,20.049999999999955
231,2019,ПП,Архангельский,3,5-3,1-0.25,6.349999999999994,архангельский,31.74999999999997
232,2019,ПП,Архангельский,4,>10,>10,4.930000000000007,архангельский,24.650000000000034
233,2019,ПП,Архангельский,4,>10,10-7,0.2199999999999988,архангельский,1.099999999999994
234,2019,ПП,Архангельский,4,>10,7-5,0.700000000000017,архангельский,3.500000000000085
235,2019,ПП,Архангельский,4,>10,5-3,2.3499999999999943,архангельский,11.749999999999972
236,2019,ПП,Архангельский,4,>10,3-2,1.269999999999996,архангельский,6.349999999999981
237,2019,ПП,Архангельский,4,>10,2-1,2.640000000000001,архангельский,13.200000000000006
238,2019,ПП,Архангельский,4,>10,1-0.25,3.799999999999983,архангельский,18.999999999999915
239,2019,ПП,Архангельский,4,10-7,>7,2.6899999999999977,архангельский,13.44999999999999
240,2019,ПП,Архангельский,4,10-7,7-5,2.6000000000000085,архангельский,13.000000000000043
241,2019,ПП,Архангельский,4,10-7,5-4,2.289999999999992,архангельский,11.44999999999996
242,2019,ПП,Архангельский,4,10-7,4-3,1.7299999999999898,архангельский,8.649999999999949
243,2019,ПП,Архангельский,4,10-7,3-2,0.8899999999999864,архангельский,4.449999999999932
244,2019,ПП,Архангельский,4,10-7,2-1,2.4399999999999977,архангельский,12.199999999999989
245,2019,ПП,Архангельский,4,10-7,1-0.25,3.469999999999999,архангельский,17.349999999999994
246,2019,ПП,Архангельский,4,7-5,>5,2.780000000000001,архангельский,13.900000000000007
247,2019,ПП,Архангельский,4,7-5,5-4,1.4099999999999966,архангельский,7.049999999999983
248,2019,ПП,Архангельский,4,7-5,4-3,2.25,архангельский,11.25
249,2019,ПП,Архангельский,4,7-5,3-2,1.6899999999999975,архангельский,8.449999999999989
250,2019,ПП,Архангельский,4,7-5,2-1,1.7299999999999898,архангельский,8.649999999999949
251,2019,ПП,Архангельский,4,7-5,1-0.25,5.240000000000009,архангельский,26.200000000000045
252,2019,ПП,Архангельский,4,5-3,>3,2.9399999999999977,архангельский,14.699999999999989
253,2019,ПП,Архангельский,4,5-3,3-2,2.5999999999999943,архангельский,12.999999999999973
254,2019,ПП,Архангельский,4,5-3,2-1,3.390000000000001,архангельский,16.950000000000003
255,2019,ПП,Архангельский,4,5-3,1-0.25,7.710000000000008,архангельский,38.55000000000004
256,2019,ПП,Архангельский,5,>10,>10,1.2700000000000102,архангельский,6.350000000000051
257,2019,ПП,Архангельский,5,>10,10-7,1.670000000000016,архангельский,8.35000000000008
258,2019,ПП,Архангельский,5,>10,7-5,2.460000000000008,архангельский,12.30000000000004
259,2019,ПП,Архангельский,5,>10,5-3,3.759999999999991,архангельский,18.799999999999955
260,2019,ПП,Архангельский,5,>10,3-2,1.3399999999999892,архангельский,6.699999999999946
261,2019,ПП,Архангельский,5,>10,2-1,2.1300000000000097,архангельский,10.650000000000048
262,2019,ПП,Архангельский,5,>10,1-0.25,4.27000000000001,архангельский,21.35000000000005
263,2019,ПП,Архангельский,5,10-7,>7,2.550000000000012,архангельский,12.750000000000059
264,2019,ПП,Архангельский,5,10-7,7-5,2.0900000000000034,архангельский,10.450000000000017
265,2019,ПП,Архангельский,5,10-7,5-4,2.180000000000007,архангельский,10.900000000000034
266,2019,ПП,Архангельский,5,10-7,4-3,1.6099999999999994,архангельский,8.049999999999997
267,2019,ПП,Архангельский,5,10-7,3-2,1.210000000000008,архангельский,6.05000000000004
268,2019,ПП,Архангельский,5,10-7,2-1,1.6399999999999864,архангельский,8.199999999999932
269,2019,ПП,Архангельский,5,10-7,1-0.25,4.949999999999989,архангельский,24.749999999999943
270,2019,ПП,Архангельский,5,7-5,>5,3.919999999999988,архангельский,19.59999999999994
271,2019,ПП,Архангельский,5,7-5,5-4,2.390000000000001,архангельский,11.950000000000005
272,2019,ПП,Архангельский,5,7-5,4-3,2.8600000000000136,архангельский,14.300000000000068
273,2019,ПП,Архангельский,5,7-5,3-2,0.9300000000000068,архангельский,4.650000000000034
274,2019,ПП,Архангельский,5,7-5,2-1,1.9399999999999975,архангельский,9.699999999999989
275,2019,ПП,Архангельский,5,7-5,1-0.25,4.579999999999984,архангельский,22.89999999999992
276,2019,ПП,Архангельский,5,5-3,>3,4.090000000000003,архангельский,20.450000000000017
277,2019,ПП,Архангельский,5,5-3,3-2,2.7900000000000205,архангельский,13.9500000000001
278,2019,ПП,Архангельский,5,5-3,2-1,2.4299999999999926,архангельский,12.149999999999963
279,2019,ПП,Архангельский,5,5-3,1-0.25,4.599999999999994,архангельский,22.99999999999997
0,2017,ПП,XX,1,10-7,<0.25,5.266999999999982,урожайное,26.33499999999991
1,2017,ПП,XX,1,5-3,<0.25,6.006999999999991,урожайное,30.034999999999958
2,2017,ПП,XX,1,7-5,<0.25,4.853999999999999,урожайное,24.269999999999996
3,2017,ПП,XX,1,>10,<0.25,3.592999999999961,урожайное,17.964999999999804
4,2017,ТТ,XVIII,1,10-7,<0.25,4.926000000000016,урожайное,24.63000000000008
5,2017,ТТ,XVIII,1,5-3,<0.25,6.99499999999999,урожайное,34.97499999999995
6,2017,ТТ,XVIII,1,7-5,<0.25,4.805999999999983,урожайное,24.029999999999916
7,2017,ТТ,XVIII,1,>10,<0.25,4.648999999999958,урожайное,23.24499999999979
8,2022,ПП,645,1,10-7,<0.25,2.002999999999957,урожайное,10.014999999999786
9,2022,ПП,645,1,5-3,<0.25,3.832999999999984,урожайное,19.16499999999992
10,2022,ПП,645,1,7-5,<0.25,3.292000000000016,урожайное,16.46000000000008
11,2022,ПП,645,1,>10,<0.25,1.9750000000000083,урожайное,9.875000000000043
12,2022,ПП,645,2,10-7,<0.25,1.5029999999999433,урожайное,7.514999999999716
13,2022,ПП,645,2,5-3,<0.25,2.5520000000000067,урожайное,12.760000000000032
14,2022,ПП,645,2,7-5,<0.25,2.240999999999985,урожайное,11.204999999999925
15,2022,ПП,645,2,>10,<0.25,1.75,урожайное,8.75
16,2022,ПП,645,3,10-7,<0.25,1.498999999999981,урожайное,7.494999999999904
17,2022,ПП,645,3,5-3,<0.25,2.435999999999978,урожайное,12.179999999999891
18,2022,ПП,645,3,7-5,<0.25,3.129000000000005,урожайное,15.645000000000026
19,2022,ПП,645,3,>10,<0.25,1.9249999999999687,урожайное,9.624999999999844
20,2022,ПП,647,1,10-7,<0.25,3.0979999999999706,урожайное,15.489999999999855
21,2022,ПП,647,1,5-3,<0.25,3.652000000000001,урожайное,18.260000000000005
22,2022,ПП,647,1,7-5,<0.25,2.8840000000000003,урожайное,14.420000000000002
23,2022,ПП,647,1,>10,<0.25,2.8919999999999817,урожайное,14.459999999999908
24,2022,ПП,647,2,10-7,<0.25,1.9149999999999776,урожайное,9.574999999999887
25,2022,ПП,647,2,5-3,<0.25,2.769999999999982,урожайное,13.849999999999909
26,2022,ПП,647,2,7-5,<0.25,2.1831999999999567,урожайное,10.915999999999784
27,2022,ПП,647,2,>10,<0.25,1.9529999999999743,урожайное,9.764999999999871
28,2022,ПП,647,3,10-7,<0.25,2.1929999999999694,урожайное,10.964999999999847
29,2022,ПП,647,3,5-3,<0.25,3.2419999999999902,урожайное,16.20999999999995
30,2022,ПП,647,3,7-5,<0.25,2.582000000000008,урожайное,12.910000000000037
31,2022,ПП,647,3,>10,<0.25,2.349999999999966,урожайное,11.74999999999983
32,2022,ПП,XX,1,10-7,<0.25,2.241999999999976,урожайное,11.20999999999988
33,2022,ПП,XX,1,5-3,<0.25,2.756,урожайное,13.779999999999998
34,2022,ПП,XX,1,7-5,<0.25,2.8040000000000163,урожайное,14.020000000000083
35,2022,ПП,XX,1,>10,<0.25,1.532000000000011,урожайное,7.660000000000054
36,2022,ПП,XX,2,10-7,<0.25,2.908999999999992,урожайное,14.544999999999957
37,2022,ПП,XX,2,5-3,<0.25,3.661999999999992,урожайное,18.30999999999996
38,2022,ПП,XX,2,7-5,<0.25,2.9760000000000133,урожайное,14.880000000000065
39,2022,ПП,XX,2,>10,<0.25,2.953000000000003,урожайное,14.765000000000015
40,2022,ПП,XX,3,10-7,<0.25,1.8640000000000043,урожайное,9.320000000000022
41,2022,ПП,XX,3,5-3,<0.25,1.5219999999999914,урожайное,7.609999999999957
42,2022,ПП,XX,3,7-5,<0.25,1.813999999999993,урожайное,9.069999999999965
43,2022,ПП,XX,3,>10,<0.25,1.7900000000000205,урожайное,8.950000000000102
44,2022,ТТ,646,1,10-7,<0.25,3.725999999999957,урожайное,18.629999999999786
45,2022,ТТ,646,1,5-3,<0.25,4.636999999999972,урожайное,23.18499999999986
46,2022,ТТ,646,1,7-5,<0.25,3.337999999999994,урожайное,16.68999999999997
47,2022,ТТ,646,1,>10,<0.25,2.073999999999998,урожайное,10.36999999999999
48,2022,ТТ,646,2,10-7,<0.25,3.788999999999959,урожайное,18.944999999999794
49,2022,ТТ,646,2,5-3,<0.25,4.856999999999985,урожайное,24.284999999999926
50,2022,ТТ,646,2,7-5,<0.25,3.801999999999993,урожайное,19.009999999999966
51,2022,ТТ,646,2,>10,<0.25,1.612000000000009,урожайное,8.060000000000045
52,2022,ТТ,646,3,10-7,<0.25,3.747999999999962,урожайное,18.73999999999981
53,2022,ТТ,646,3,5-3,<0.25,6.185999999999993,урожайное,30.929999999999964
54,2022,ТТ,646,3,7-5,<0.25,4.257000000000005,урожайное,21.285000000000025
55,2022,ТТ,646,3,>10,<0.25,3.4669999999999987,урожайное,17.334999999999994
56,2022,ТТ,XVIII,1,10-7,<0.25,3.202999999999946,урожайное,16.01499999999973
57,2022,ТТ,XVIII,1,5-3,<0.25,3.872999999999976,урожайное,19.36499999999988
58,2022,ТТ,XVIII,1,7-5,<0.25,3.766999999999996,урожайное,18.83499999999998
59,2022,ТТ,XVIII,1,>10,<0.25,3.230999999999966,урожайное,16.15499999999983
60,2022,ТТ,XVIII,2,10-7,<0.25,3.6189999999999856,урожайное,18.094999999999928
61,2022,ТТ,XVIII,2,5-3,<0.25,4.314000000000007,урожайное,21.570000000000036
62,2022,ТТ,XVIII,2,7-5,<0.25,3.575000000000003,урожайное,17.875000000000014
63,2022,ТТ,XVIII,2,>10,<0.25,3.1410000000000053,урожайное,15.705000000000027
64,2022,ТТ,XVIII,3,10-7,<0.25,5.493999999999971,урожайное,27.469999999999857
65,2022,ТТ,XVIII,3,5-3,<0.25,5.809999999999974,урожайное,29.04999999999987
66,2022,ТТ,XVIII,3,7-5,<0.25,4.899000000000001,урожайное,24.495000000000005
67,2022,ТТ,XVIII,3,>10,<0.25,3.830000000000013,урожайное,19.150000000000063
68,2022,ПП,645,1,>10,>10,1.7769999999999868,урожайное,8.884999999999934
69,2022,ПП,645,1,>10,10-7,1.4509999999999934,урожайное,7.254999999999967
70,2022,ПП,645,1,>10,7-5,4.590000000000003,урожайное,22.950000000000017
71,2022,ПП,645,1,>10,5-3,4.516999999999996,урожайное,22.58499999999998
72,2022,ПП,645,1,>10,3-2,1.622000000000014,урожайное,8.11000000000007
73,2022,ПП,645,1,>10,2-1,1.7819999999999965,урожайное,8.909999999999982
74,2022,ПП,645,1,>10,1-0.25,2.2860000000000014,урожайное,11.430000000000007
75,2022,ПП,645,1,10-7,>7,1.1129999999999995,урожайное,5.564999999999998
76,2022,ПП,645,1,10-7,7-5,3.396000000000015,урожайное,16.980000000000075
77,2022,ПП,645,1,10-7,5-4,2.8230000000000075,урожайное,14.11500000000004
78,2022,ПП,645,1,10-7,4-3,2.9630000000000223,урожайное,14.815000000000111
79,2022,ПП,645,1,10-7,3-2,1.698999999999998,урожайное,8.49499999999999
80,2022,ПП,645,1,10-7,2-1,2.652000000000001,урожайное,13.260000000000005
81,2022,ПП,645,1,10-7,1-0.25,3.350999999999999,урожайное,16.754999999999995
82,2022,ПП,645,1,7-5,>5,1.2099999999999935,урожайное,6.049999999999968
83,2022,ПП,645,1,7-5,5-4,2.223999999999989,урожайное,11.119999999999946
84,2022,ПП,645,1,7-5,4-3,3.5819999999999936,урожайное,17.909999999999968
85,2022,ПП,645,1,7-5,3-2,3.0360000000000014,урожайное,15.180000000000007
86,2022,ПП,645,1,7-5,2-1,3.078000000000003,урожайное,15.390000000000015
87,2022,ПП,645,1,7-5,1-0.25,3.578000000000003,урожайное,17.890000000000015
88,2022,ПП,645,1,5-3,>3,1.1189999999999998,урожайное,5.594999999999999
89,2022,ПП,645,1,5-3,3-2,4.215000000000003,урожайное,21.075000000000017
90,2022,ПП,645,1,5-3,2-1,5.286000000000001,урожайное,26.43000000000001
91,2022,ПП,645,1,5-3,1-0.25,5.547000000000011,урожайное,27.735000000000053
92,2022,ПП,645,2,>10,>10,2.7539999999999907,урожайное,13.769999999999955
93,2022,ПП,645,2,>10,10-7,3.2309999999999945,урожайное,16.154999999999973
94,2022,ПП,645,2,>10,7-5,3.0320000000000107,урожайное,15.160000000000053
95,2022,ПП,645,2,>10,5-3,3.846000000000004,урожайное,19.230000000000018
96,2022,ПП,645,2,>10,3-2,1.6770000000000067,урожайное,8.385000000000034
97,2022,ПП,645,2,>10,2-1,1.7000000000000028,урожайное,8.500000000000014
98,2022,ПП,645,2,>10,1-0.25,2.009999999999991,урожайное,10.049999999999955
99,2022,ПП,645,2,10-7,>7,3.5460000000000065,урожайное,17.730000000000032
100,2022,ПП,645,2,10-7,7-5,4.657000000000011,урожайное,23.285000000000053
101,2022,ПП,645,2,10-7,5-4,2.26700000000001,урожайное,11.33500000000005
102,2022,ПП,645,2,10-7,4-3,2.6520000000000152,урожайное,13.260000000000078
103,2022,ПП,645,2,10-7,3-2,0.6389999999999958,урожайное,3.194999999999979
104,2022,ПП,645,2,10-7,2-1,2.3800000000000097,урожайное,11.900000000000048
105,2022,ПП,645,2,10-7,1-0.25,2.3560000000000088,урожайное,11.780000000000044
106,2022,ПП,645,2,7-5,>5,2.4269999999999925,урожайное,12.134999999999962
107,2022,ПП,645,2,7-5,5-4,3.2450000000000045,урожайное,16.225000000000023
108,2022,ПП,645,2,7-5,4-3,3.6910000000000025,урожайное,18.455000000000013
109,2022,ПП,645,2,7-5,3-2,1.5250000000000057,урожайное,7.625000000000029
110,2022,ПП,645,2,7-5,2-1,3.0450000000000017,урожайное,15.225000000000009
111,2022,ПП,645,2,7-5,1-0.25,3.826000000000008,урожайное,19.13000000000004
112,2022,ПП,645,2,5-3,>3,4.330999999999989,урожайное,21.654999999999944
113,2022,ПП,645,2,5-3,3-2,3.788000000000011,урожайное,18.940000000000055
114,2022,ПП,645,2,5-3,2-1,3.3559999999999945,урожайное,16.779999999999973
115,2022,ПП,645,2,5-3,1-0.25,5.972999999999999,урожайное,29.865
116,2022,ПП,645,3,>10,>10,0.0,урожайное,0.0
117,2022,ПП,645,3,>10,10-7,1.7779999999999916,урожайное,8.889999999999958
118,2022,ПП,645,3,>10,7-5,4.344000000000023,урожайное,21.720000000000116
119,2022,ПП,645,3,>10,5-3,5.373999999999995,урожайное,26.869999999999976
120,2022,ПП,645,3,>10,3-2,1.8360000000000127,урожайное,9.180000000000064
121,2022,ПП,645,3,>10,2-1,2.849000000000004,урожайное,14.245000000000022
122,2022,ПП,645,3,>10,1-0.25,1.8940000000000052,урожайное,9.470000000000026
123,2022,ПП,645,3,10-7,>7,4.405000000000001,урожайное,22.025000000000006
124,2022,ПП,645,3,10-7,7-5,4.109000000000009,урожайное,20.545000000000044
125,2022,ПП,645,3,10-7,5-4,2.5330000000000013,урожайное,12.665000000000006
126,2022,ПП,645,3,10-7,4-3,1.8540000000000132,урожайное,9.270000000000065
127,2022,ПП,645,3,10-7,3-2,1.3960000000000008,урожайное,6.980000000000004
128,2022,ПП,645,3,10-7,2-1,1.9369999999999976,урожайное,9.684999999999988
129,2022,ПП,645,3,10-7,1-0.25,2.266999999999996,урожайное,11.33499999999998
130,2022,ПП,645,3,7-5,>5,4.2819999999999965,урожайное,21.409999999999982
131,2022,ПП,645,3,7-5,5-4,2.925999999999988,урожайное,14.62999999999994
132,2022,ПП,645,3,7-5,4-3,3.3229999999999933,урожайное,16.614999999999966
133,2022,ПП,645,3,7-5,3-2,1.2290000000000134,урожайное,6.145000000000067
134,2022,ПП,645,3,7-5,2-1,2.433000000000007,урожайное,12.165000000000035
135,2022,ПП,645,3,7-5,1-0.25,2.6779999999999973,урожайное,13.389999999999985
136,2022,ПП,645,3,5-3,>3,4.8419999999999845,урожайное,24.209999999999923
137,2022,ПП,645,3,5-3,3-2,3.746000000000009,урожайное,18.730000000000043
138,2022,ПП,645,3,5-3,2-1,3.5630000000000166,урожайное,17.815000000000083
139,2022,ПП,645,3,5-3,1-0.25,5.413000000000011,урожайное,27.065000000000055
140,2022,ТТ,XVIII,1,>10,>10,1.0989999999999895,урожайное,5.494999999999948
141,2022,ТТ,XVIII,1,>10,10-7,1.846000000000004,урожайное,9.23000000000002
142,2022,ТТ,XVIII,1,>10,7-5,3.63900000000001,урожайное,18.19500000000005
143,2022,ТТ,XVIII,1,>10,5-3,3.7110000000000127,урожайное,18.555000000000064
144,2022,ТТ,XVIII,1,>10,3-2,0.7600000000000051,урожайное,3.8000000000000256
145,2022,ТТ,XVIII,1,>10,2-1,2.253,урожайное,11.265
146,2022,ТТ,XVIII,1,>10,1-0.25,3.4610000000000127,урожайное,17.305000000000064
147,2022,ТТ,XVIII,1,10-7,>7,2.4849999999999994,урожайное,12.424999999999997
148,2022,ТТ,XVIII,1,10-7,7-5,2.5330000000000155,урожайное,12.665000000000076
149,2022,ТТ,XVIII,1,10-7,5-4,2.558000000000007,урожайное,12.790000000000035
150,2022,ТТ,XVIII,1,10-7,4-3,1.9080000000000157,урожайное,9.540000000000079
151,2022,ТТ,XVIII,1,10-7,3-2,1.1539999999999964,урожайное,5.769999999999982
152,2022,ТТ,XVIII,1,10-7,2-1,3.555000000000007,урожайное,17.775000000000034
153,2022,ТТ,XVIII,1,10-7,1-0.25,2.6040000000000134,урожайное,13.020000000000067
154,2022,ТТ,XVIII,1,7-5,>5,3.8569999999999993,урожайное,19.284999999999997
155,2022,ТТ,XVIII,1,7-5,5-4,1.907999999999987,урожайное,9.539999999999935
156,2022,ТТ,XVIII,1,7-5,4-3,3.0619999999999976,урожайное,15.309999999999988
157,2022,ТТ,XVIII,1,7-5,3-2,1.5940000000000225,урожайное,7.970000000000113
158,2022,ТТ,XVIII,1,7-5,2-1,1.397999999999996,урожайное,6.98999999999998
159,2022,ТТ,XVIII,1,7-5,1-0.25,4.4140000000000015,урожайное,22.070000000000007
160,2022,ТТ,XVIII,1,5-3,>3,2.423000000000002,урожайное,12.115000000000009
161,2022,ТТ,XVIII,1,5-3,3-2,2.0630000000000166,урожайное,10.315000000000083
162,2022,ТТ,XVIII,1,5-3,2-1,4.143000000000001,урожайное,20.715000000000003
163,2022,ТТ,XVIII,1,5-3,1-0.25,7.498000000000005,урожайное,37.49000000000002
164,2022,ТТ,XVIII,2,>10,>10,1.9339999999999835,урожайное,9.669999999999918
165,2022,ТТ,XVIII,2,>10,10-7,1.3530000000000086,урожайное,6.765000000000043
166,2022,ТТ,XVIII,2,>10,7-5,3.325000000000003,урожайное,16.625000000000014
167,2022,ТТ,XVIII,2,>10,5-3,3.980000000000004,урожайное,19.90000000000002
168,2022,ТТ,XVIII,2,>10,3-2,1.5010000000000048,урожайное,7.505000000000024
169,2022,ТТ,XVIII,2,>10,2-1,2.1059999999999945,урожайное,10.529999999999973
170,2022,ТТ,XVIII,2,>10,1-0.25,2.6599999999999966,урожайное,13.299999999999985
171,2022,ТТ,XVIII,2,10-7,>7,1.7070000000000078,урожайное,8.53500000000004
172,2022,ТТ,XVIII,2,10-7,7-5,2.632999999999996,урожайное,13.16499999999998
173,2022,ТТ,XVIII,2,10-7,5-4,3.3629999999999995,урожайное,16.814999999999998
174,2022,ТТ,XVIII,2,10-7,4-3,2.3950000000000102,урожайное,11.975000000000051
175,2022,ТТ,XVIII,2,10-7,3-2,1.909000000000006,урожайное,9.54500000000003
176,2022,ТТ,XVIII,2,10-7,2-1,2.179000000000002,урожайное,10.89500000000001
177,2022,ТТ,XVIII,2,10-7,1-0.25,2.194999999999993,урожайное,10.974999999999966
178,2022,ТТ,XVIII,2,7-5,>5,0.6760000000000019,урожайное,3.380000000000009
179,2022,ТТ,XVIII,2,7-5,5-4,3.164000000000001,урожайное,15.820000000000006
180,2022,ТТ,XVIII,2,7-5,4-3,3.765999999999991,урожайное,18.829999999999956
181,2022,ТТ,XVIII,2,7-5,3-2,1.9159999999999968,урожайное,9.579999999999984
182,2022,ТТ,XVIII,2,7-5,2-1,2.719000000000001,урожайное,13.595000000000008
183,2022,ТТ,XVIII,2,7-5,1-0.25,4.184000000000005,урожайное,20.920000000000023
184,2022,ТТ,XVIII,2,5-3,>3,2.0619999999999834,урожайное,10.309999999999917
185,2022,ТТ,XVIII,2,5-3,3-2,4.553000000000012,урожайное,22.765000000000065
186,2022,ТТ,XVIII,2,5-3,2-1,4.304999999999978,урожайное,21.524999999999892
187,2022,ТТ,XVIII,2,5-3,1-0.25,4.76600000000002,урожайное,23.8300000000001
188,2022,ТТ,XVIII,3,>10,>10,0.0,урожайное,0.0
189,2022,ТТ,XVIII,3,>10,10-7,0.059999999999988,урожайное,0.29999999999994
190,2022,ТТ,XVIII,3,>10,7-5,3.021000000000015,урожайное,15.105000000000073
191,2022,ТТ,XVIII,3,>10,5-3,6.224000000000004,урожайное,31.12000000000002
192,2022,ТТ,XVIII,3,>10,3-2,1.5049999999999957,урожайное,7.524999999999979
193,2022,ТТ,XVIII,3,>10,2-1,2.165999999999997,урожайное,10.829999999999984
194,2022,ТТ,XVIII,3,>10,1-0.25,3.1939999999999884,урожайное,15.969999999999942
195,2022,ТТ,XVIII,3,10-7,>7,1.1740000000000066,урожайное,5.870000000000033
196,2022,ТТ,XVIII,3,10-7,7-5,1.0670000000000073,урожайное,5.335000000000036
197,2022,ТТ,XVIII,3,10-7,5-4,1.9899999999999949,урожайное,9.949999999999974
198,2022,ТТ,XVIII,3,10-7,4-3,2.4099999999999966,урожайное,12.049999999999983
199,2022,ТТ,XVIII,3,10-7,3-2,1.8610000000000184,урожайное,9.305000000000092
200,2022,ТТ,XVIII,3,10-7,2-1,2.204000000000008,урожайное,11.02000000000004
201,2022,ТТ,XVIII,3,10-7,1-0.25,3.799999999999997,урожайное,18.999999999999986
202,2022,ТТ,XVIII,3,7-5,>5,0.6029999999999944,урожайное,3.014999999999972
203,2022,ТТ,XVIII,3,7-5,5-4,1.793999999999997,урожайное,8.969999999999985
204,2022,ТТ,XVIII,3,7-5,4-3,3.888999999999996,урожайное,19.44499999999998
205,2022,ТТ,XVIII,3,7-5,3-2,1.7240000000000038,урожайное,8.620000000000019
206,2022,ТТ,XVIII,3,7-5,2-1,2.76400000000001,урожайное,13.820000000000048
207,2022,ТТ,XVIII,3,7-5,1-0.25,4.326999999999998,урожайное,21.63499999999999
208,2022,ТТ,XVIII,3,5-3,>3,1.352000000000004,урожайное,6.76000000000002
209,2022,ТТ,XVIII,3,5-3,3-2,3.2379999999999995,урожайное,16.189999999999998
210,2022,ТТ,XVIII,3,5-3,2-1,3.5600000000000023,урожайное,17.80000000000001
211,2022,ТТ,XVIII,3,5-3,1-0.25,6.0400000000000205,урожайное,30.200000000000106
212,2022,ПП,XX,1,>10,>10,6.032999999999987,урожайное,30.164999999999935
213,2022,ПП,XX,1,>10,10-7,2.3220000000000027,урожайное,11.610000000000014
214,2022,ПП,XX,1,>10,7-5,2.1779999999999973,урожайное,10.889999999999986
215,2022,ПП,XX,1,>10,5-3,4.102000000000004,урожайное,20.51000000000002
216,2022,ПП,XX,1,>10,3-2,1.176000000000002,урожайное,5.88000000000001
217,2022,ПП,XX,1,>10,2-1,1.152000000000001,урожайное,5.760000000000005
218,2022,ПП,XX,1,>10,1-0.25,1.5049999999999957,урожайное,7.524999999999979
219,2022,ПП,XX,1,10-7,>7,1.176000000000002,урожайное,5.88000000000001
220,2022,ПП,XX,1,10-7,7-5,3.9470000000000023,урожайное,19.73500000000001
221,2022,ПП,XX,1,10-7,5-4,3.224000000000004,урожайное,16.12000000000002
222,2022,ПП,XX,1,10-7,4-3,3.213999999999998,урожайное,16.06999999999999
223,2022,ПП,XX,1,10-7,3-2,1.1640000000000157,урожайное,5.820000000000078
224,2022,ПП,XX,1,10-7,2-1,1.9470000000000027,урожайное,9.735000000000014
225,2022,ПП,XX,1,10-7,1-0.25,3.0859999999999985,урожайное,15.429999999999994
226,2022,ПП,XX,1,7-5,>5,2.780000000000001,урожайное,13.900000000000007
227,2022,ПП,XX,1,7-5,5-4,3.3219999999999885,урожайное,16.609999999999943
228,2022,ПП,XX,1,7-5,4-3,3.1129999999999995,урожайное,15.564999999999998
229,2022,ПП,XX,1,7-5,3-2,2.242999999999995,урожайное,11.214999999999975
230,2022,ПП,XX,1,7-5,2-1,2.669000000000011,урожайное,13.345000000000057
231,2022,ПП,XX,1,7-5,1-0.25,3.0689999999999884,урожайное,15.344999999999942
232,2022,ПП,XX,1,5-3,>3,4.641999999999996,урожайное,23.20999999999998
233,2022,ПП,XX,1,5-3,3-2,4.564999999999998,урожайное,22.82499999999999
234,2022,ПП,XX,1,5-3,2-1,3.1769999999999925,урожайное,15.884999999999962
235,2022,ПП,XX,1,5-3,1-0.25,4.860000000000014,урожайное,24.300000000000068
236,2022,ПП,XX,2,>10,>10,2.428999999999988,урожайное,12.14499999999994
237,2022,ПП,XX,2,>10,10-7,2.5579999999999927,урожайное,12.789999999999962
238,2022,ПП,XX,2,>10,7-5,3.319000000000017,урожайное,16.595000000000084
239,2022,ПП,XX,2,>10,5-3,3.51100000000001,урожайное,17.55500000000005
240,2022,ПП,XX,2,>10,3-2,1.4170000000000016,урожайное,7.085000000000008
241,2022,ПП,XX,2,>10,2-1,1.5060000000000002,урожайное,7.53
242,2022,ПП,XX,2,>10,1-0.25,2.306999999999988,урожайное,11.53499999999994
243,2022,ПП,XX,2,10-7,>7,1.176000000000002,урожайное,5.88000000000001
244,2022,ПП,XX,2,10-7,7-5,3.084000000000003,урожайное,15.420000000000018
245,2022,ПП,XX,2,10-7,5-4,3.4469999999999885,урожайное,17.234999999999943
246,2022,ПП,XX,2,10-7,4-3,2.4209999999999923,урожайное,12.104999999999961
247,2022,ПП,XX,2,10-7,3-2,1.5740000000000125,урожайное,7.870000000000063
248,2022,ПП,XX,2,10-7,2-1,1.8830000000000096,урожайное,9.415000000000049
249,2022,ПП,XX,2,10-7,1-0.25,3.506,урожайное,17.529999999999998
250,2022,ПП,XX,2,7-5,>5,2.048000000000002,урожайное,10.240000000000009
251,2022,ПП,XX,2,7-5,5-4,3.5779999999999887,урожайное,17.889999999999944
252,2022,ПП,XX,2,7-5,4-3,3.578999999999993,урожайное,17.894999999999968
253,2022,ПП,XX,2,7-5,3-2,1.7519999999999951,урожайное,8.759999999999977
254,2022,ПП,XX,2,7-5,2-1,2.6370000000000005,урожайное,13.185000000000002
255,2022,ПП,XX,2,7-5,1-0.25,3.430000000000007,урожайное,17.150000000000034
256,2022,ПП,XX,2,5-3,>3,3.713999999999999,урожайное,18.569999999999993
257,2022,ПП,XX,2,5-3,3-2,4.151999999999987,урожайное,20.759999999999934
258,2022,ПП,XX,2,5-3,2-1,3.931000000000012,урожайное,19.65500000000006
259,2022,ПП,XX,2,5-3,1-0.25,4.541000000000011,урожайное,22.705000000000055
260,2022,ПП,XX,3,>10,>10,3.644999999999982,урожайное,18.22499999999991
261,2022,ПП,XX,3,>10,10-7,1.5250000000000057,урожайное,7.625000000000029
262,2022,ПП,XX,3,>10,7-5,3.1430000000000007,урожайное,15.715000000000003
263,2022,ПП,XX,3,>10,5-3,4.500999999999976,урожайное,22.50499999999988
264,2022,ПП,XX,3,>10,3-2,0.8210000000000122,урожайное,4.105000000000061
265,2022,ПП,XX,3,>10,2-1,2.4069999999999965,урожайное,12.034999999999982
266,2022,ПП,XX,3,>10,1-0.25,2.1680000000000064,урожайное,10.840000000000032
267,2022,ПП,XX,3,10-7,>7,2.426000000000002,урожайное,12.13000000000001
268,2022,ПП,XX,3,10-7,7-5,5.431999999999988,урожайное,27.15999999999994
269,2022,ПП,XX,3,10-7,5-4,2.6709999999999923,урожайное,13.354999999999961
270,2022,ПП,XX,3,10-7,4-3,2.460000000000008,урожайное,12.30000000000004
271,2022,ПП,XX,3,10-7,3-2,0.9270000000000068,урожайное,4.635000000000034
272,2022,ПП,XX,3,10-7,2-1,1.8419999999999987,урожайное,9.209999999999994
273,2022,ПП,XX,3,10-7,1-0.25,2.378,урожайное,11.89
274,2022,ПП,XX,3,7-5,>5,5.382000000000005,урожайное,26.91000000000002
275,2022,ПП,XX,3,7-5,5-4,3.436000000000007,урожайное,17.180000000000035
276,2022,ПП,XX,3,7-5,4-3,3.515000000000001,урожайное,17.575000000000003
277,2022,ПП,XX,3,7-5,3-2,1.0279999999999916,урожайное,5.139999999999958
278,2022,ПП,XX,3,7-5,2-1,2.013000000000005,урожайное,10.065000000000024
279,2022,ПП,XX,3,7-5,1-0.25,2.8119999999999976,урожайное,14.05999999999999
280,2022,ПП,XX,3,5-3,>3,10.814999999999998,урожайное,54.07499999999998
281,2022,ПП,XX,3,5-3,3-2,2.4790000000000134,урожайное,12.395000000000067
282,2022,ПП,XX,3,5-3,2-1,2.445999999999998,урожайное,12.22999999999999
283,2022,ПП,XX,3,5-3,1-0.25,2.7379999999999995,урожайное,13.689999999999996
284,2022,ТТ,646,1,>10,>10,9.292999999999978,урожайное,46.46499999999989
285,2022,ТТ,646,1,>10,10-7,1.2309999999999943,урожайное,6.154999999999972
286,2022,ТТ,646,1,>10,7-5,1.356000000000023,урожайное,6.780000000000115
287,2022,ТТ,646,1,>10,5-3,1.7369999999999948,урожайное,8.684999999999974
288,2022,ТТ,646,1,>10,3-2,0.9990000000000094,урожайное,4.995000000000047
289,2022,ТТ,646,1,>10,2-1,1.5420000000000016,урожайное,7.710000000000009
290,2022,ТТ,646,1,>10,1-0.25,1.768000000000001,урожайное,8.840000000000005
291,2022,ТТ,646,1,10-7,>7,1.543999999999997,урожайное,7.7199999999999855
292,2022,ТТ,646,1,10-7,7-5,3.687000000000012,урожайное,18.43500000000006
293,2022,ТТ,646,1,10-7,5-4,2.396000000000001,урожайное,11.980000000000004
294,2022,ТТ,646,1,10-7,4-3,1.8450000000000275,урожайное,9.225000000000136
295,2022,ТТ,646,1,10-7,3-2,1.347999999999999,урожайное,6.739999999999995
296,2022,ТТ,646,1,10-7,2-1,2.2180000000000035,урожайное,11.090000000000018
297,2022,ТТ,646,1,10-7,1-0.25,3.236000000000004,урожайное,16.18000000000002
298,2022,ТТ,646,1,7-5,>5,2.6850000000000023,урожайное,13.425000000000011
299,2022,ТТ,646,1,7-5,5-4,2.994,урожайное,14.97
300,2022,ТТ,646,1,7-5,4-3,3.1239999999999952,урожайное,15.619999999999976
301,2022,ТТ,646,1,7-5,3-2,1.662000000000006,урожайное,8.31000000000003
302,2022,ТТ,646,1,7-5,2-1,2.3430000000000035,урожайное,11.715000000000018
303,2022,ТТ,646,1,7-5,1-0.25,3.853999999999999,урожайное,19.269999999999996
304,2022,ТТ,646,1,5-3,>3,2.328000000000003,урожайное,11.640000000000015
305,2022,ТТ,646,1,5-3,3-2,3.824000000000012,урожайное,19.120000000000058
306,2022,ТТ,646,1,5-3,2-1,3.762000000000001,урожайное,18.810000000000006
307,2022,ТТ,646,1,5-3,1-0.25,5.449000000000012,урожайное,27.245000000000065
308,2022,ТТ,646,2,>10,>10,13.006999999999977,урожайное,65.03499999999988
309,2022,ТТ,646,2,>10,10-7,0.782999999999987,урожайное,3.914999999999935
310,2022,ТТ,646,2,>10,7-5,1.099000000000018,урожайное,5.49500000000009
311,2022,ТТ,646,2,>10,5-3,0.7810000000000059,урожайное,3.905000000000029
312,2022,ТТ,646,2,>10,3-2,0.338000000000008,урожайное,1.6900000000000401
313,2022,ТТ,646,2,>10,2-1,0.9050000000000012,урожайное,4.525000000000006
314,2022,ТТ,646,2,>10,1-0.25,1.4749999999999943,урожайное,7.374999999999972
315,2022,ТТ,646,2,10-7,>7,3.0289999999999964,урожайное,15.14499999999998
316,2022,ТТ,646,2,10-7,7-5,-22.727999999999994,урожайное,-113.63999999999996
317,2022,ТТ,646,2,10-7,5-4,29.113000000000014,урожайное,145.56500000000008
318,2022,ТТ,646,2,10-7,4-3,1.325000000000017,урожайное,6.625000000000085
319,2022,ТТ,646,2,10-7,3-2,0.7339999999999947,урожайное,3.6699999999999733
320,2022,ТТ,646,2,10-7,2-1,1.5700000000000074,урожайное,7.850000000000038
321,2022,ТТ,646,2,10-7,1-0.25,3.1680000000000064,урожайное,15.840000000000032
322,2022,ТТ,646,2,7-5,>5,3.049999999999997,урожайное,15.249999999999986
323,2022,ТТ,646,2,7-5,5-4,3.561000000000007,урожайное,17.805000000000035
324,2022,ТТ,646,2,7-5,4-3,2.706000000000003,урожайное,13.530000000000014
325,2022,ТТ,646,2,7-5,3-2,1.3329999999999984,урожайное,6.664999999999992
326,2022,ТТ,646,2,7-5,2-1,1.9039999999999964,урожайное,9.519999999999982
327,2022,ТТ,646,2,7-5,1-0.25,3.6440000000000055,урожайное,18.220000000000027
328,2022,ТТ,646,2,5-3,>3,4.125,урожайное,20.625
329,2022,ТТ,646,2,5-3,3-2,3.263000000000005,урожайное,16.315000000000023
330,2022,ТТ,646,2,5-3,2-1,2.382000000000005,урожайное,11.910000000000025
331,2022,ТТ,646,2,5-3,1-0.25,5.373000000000005,урожайное,26.865000000000023
332,2022,ТТ,646,3,>10,>10,6.742999999999995,урожайное,33.714999999999975
333,2022,ТТ,646,3,>10,10-7,0.9749999999999944,урожайное,4.8749999999999725
334,2022,ТТ,646,3,>10,7-5,1.1470000000000198,урожайное,5.735000000000099
335,2022,ТТ,646,3,>10,5-3,1.2249999999999943,урожайное,6.124999999999972
336,2022,ТТ,646,3,>10,3-2,0.7130000000000081,урожайное,3.5650000000000404
337,2022,ТТ,646,3,>10,2-1,1.6129999999999995,урожайное,8.064999999999998
338,2022,ТТ,646,3,>10,1-0.25,4.11699999999999,урожайное,20.58499999999995
339,2022,ТТ,646,3,10-7,>7,2.253,урожайное,11.265
340,2022,ТТ,646,3,10-7,7-5,4.015000000000015,урожайное,20.075000000000074
341,2022,ТТ,646,3,10-7,5-4,1.757000000000005,урожайное,8.785000000000025
342,2022,ТТ,646,3,10-7,4-3,1.246000000000009,урожайное,6.230000000000045
343,2022,ТТ,646,3,10-7,3-2,1.1650000000000065,урожайное,5.825000000000032
344,2022,ТТ,646,3,10-7,2-1,1.5799999999999983,урожайное,7.8999999999999915
345,2022,ТТ,646,3,10-7,1-0.25,4.236000000000004,урожайное,21.18000000000002
346,2022,ТТ,646,3,7-5,>5,1.644999999999996,урожайное,8.22499999999998
347,2022,ТТ,646,3,7-5,5-4,2.984999999999985,урожайное,14.924999999999928
348,2022,ТТ,646,3,7-5,4-3,2.472999999999999,урожайное,12.364999999999995
349,2022,ТТ,646,3,7-5,3-2,1.5800000000000125,урожайное,7.9000000000000625
350,2022,ТТ,646,3,7-5,2-1,1.8020000000000067,урожайное,9.010000000000034
351,2022,ТТ,646,3,7-5,1-0.25,5.257999999999996,урожайное,26.28999999999998
352,2022,ТТ,646,3,5-3,>3,1.9849999999999848,урожайное,9.924999999999924
353,2022,ТТ,646,3,5-3,3-2,2.9350000000000023,урожайное,14.67500000000001
354,2022,ТТ,646,3,5-3,2-1,3.15900000000002,урожайное,15.795000000000098
355,2022,ТТ,646,3,5-3,1-0.25,5.734999999999999,урожайное,28.674999999999994
356,2022,ПП,647,1,>10,>10,1.711999999999989,урожайное,8.559999999999945
357,2022,ПП,647,1,>10,10-7,1.2369999999999948,урожайное,6.184999999999974
358,2022,ПП,647,1,>10,7-5,3.377000000000009,урожайное,16.885000000000044
359,2022,ПП,647,1,>10,5-3,4.599999999999994,урожайное,22.99999999999997
360,2022,ПП,647,1,>10,3-2,0.5940000000000083,урожайное,2.9700000000000415
361,2022,ПП,647,1,>10,2-1,2.9480000000000075,урожайное,14.740000000000036
362,2022,ПП,647,1,>10,1-0.25,2.640000000000015,урожайное,13.200000000000072
363,2022,ПП,647,1,10-7,>7,0.2150000000000034,урожайное,1.075000000000017
364,2022,ПП,647,1,10-7,7-5,2.588999999999998,урожайное,12.94499999999999
365,2022,ПП,647,1,10-7,5-4,4.305000000000007,урожайное,21.525000000000034
366,2022,ПП,647,1,10-7,4-3,2.216000000000008,урожайное,11.080000000000041
367,2022,ПП,647,1,10-7,3-2,0.8799999999999955,урожайное,4.399999999999977
368,2022,ПП,647,1,10-7,2-1,2.534000000000006,урожайное,12.670000000000032
369,2022,ПП,647,1,10-7,1-0.25,4.163000000000011,урожайное,20.815000000000055
370,2022,ПП,647,1,7-5,>5,1.7090000000000032,урожайное,8.545000000000016
371,2022,ПП,647,1,7-5,5-4,3.9250000000000114,урожайное,19.625000000000057
372,2022,ПП,647,1,7-5,4-3,3.5180000000000007,урожайное,17.590000000000003
373,2022,ПП,647,1,7-5,3-2,1.738999999999976,урожайное,8.69499999999988
374,2022,ПП,647,1,7-5,2-1,2.9080000000000013,урожайное,14.540000000000006
375,2022,ПП,647,1,7-5,1-0.25,3.3170000000000077,урожайное,16.58500000000004
376,2022,ПП,647,1,5-3,>3,2.6329999999999814,урожайное,13.164999999999907
377,2022,ПП,647,1,5-3,3-2,3.921999999999997,урожайное,19.609999999999985
378,2022,ПП,647,1,5-3,2-1,4.956000000000017,урожайное,24.780000000000086
379,2022,ПП,647,1,5-3,1-0.25,4.837000000000003,урожайное,24.185000000000016
380,2022,ПП,647,2,>10,>10,0.0,урожайное,0.0
381,2022,ПП,647,2,>10,10-7,3.4240000000000066,урожайное,17.120000000000033
382,2022,ПП,647,2,>10,7-5,3.8000000000000114,урожайное,19.000000000000057
383,2022,ПП,647,2,>10,5-3,5.283999999999992,урожайное,26.41999999999996
384,2022,ПП,647,2,>10,3-2,0.8680000000000092,урожайное,4.340000000000046
385,2022,ПП,647,2,>10,2-1,2.1060000000000088,урожайное,10.530000000000044
386,2022,ПП,647,2,>10,1-0.25,2.5649999999999977,урожайное,12.824999999999989
387,2022,ПП,647,2,10-7,>7,1.3670000000000044,урожайное,6.835000000000021
388,2022,ПП,647,2,10-7,7-5,3.5030000000000143,урожайное,17.51500000000007
389,2022,ПП,647,2,10-7,5-4,4.094999999999999,урожайное,20.474999999999994
390,2022,ПП,647,2,10-7,4-3,2.679000000000002,урожайное,13.39500000000001
391,2022,ПП,647,2,10-7,3-2,0.992999999999995,урожайное,4.964999999999975
392,2022,ПП,647,2,10-7,2-1,2.256,урожайное,11.279999999999998
393,2022,ПП,647,2,10-7,1-0.25,3.1920000000000077,урожайное,15.960000000000038
394,2022,ПП,647,2,7-5,>5,1.934000000000012,урожайное,9.670000000000059
395,2022,ПП,647,2,7-5,5-4,3.930999999999997,урожайное,19.654999999999983
396,2022,ПП,647,2,7-5,4-3,3.757000000000005,урожайное,18.785000000000025
397,2022,ПП,647,2,7-5,3-2,1.7790000000000106,урожайное,8.895000000000053
398,2022,ПП,647,2,7-5,2-1,2.498800000000017,урожайное,12.494000000000085
399,2022,ПП,647,2,7-5,1-0.25,3.9170000000000016,урожайное,19.585000000000008
400,2022,ПП,647,2,5-3,>3,2.515999999999991,урожайное,12.579999999999956
401,2022,ПП,647,2,5-3,3-2,4.757000000000005,урожайное,23.785000000000025
402,2022,ПП,647,2,5-3,2-1,3.849000000000018,урожайное,19.24500000000009
403,2022,ПП,647,2,5-3,1-0.25,6.108000000000004,урожайное,30.540000000000024
404,2022,ПП,647,3,>10,>10,3.256,урожайное,16.28
405,2022,ПП,647,3,>10,10-7,2.782999999999987,урожайное,13.914999999999935
406,2022,ПП,647,3,>10,7-5,3.1950000000000216,урожайное,15.975000000000108
407,2022,ПП,647,3,>10,5-3,3.789000000000016,урожайное,18.945000000000082
408,2022,ПП,647,3,>10,3-2,1.1870000000000118,урожайное,5.935000000000059
409,2022,ПП,647,3,>10,2-1,1.5660000000000025,урожайное,7.830000000000012
410,2022,ПП,647,3,>10,1-0.25,1.8739999999999952,урожайное,9.369999999999976
411,2022,ПП,647,3,10-7,>7,1.5600000000000025,урожайное,7.800000000000012
412,2022,ПП,647,3,10-7,7-5,3.355000000000018,урожайное,16.77500000000009
413,2022,ПП,647,3,10-7,5-4,3.786000000000002,урожайное,18.930000000000007
414,2022,ПП,647,3,10-7,4-3,2.4470000000000027,урожайное,12.235000000000014
415,2022,ПП,647,3,10-7,3-2,1.313999999999993,урожайное,6.569999999999965
416,2022,ПП,647,3,10-7,2-1,2.132000000000005,урожайное,10.660000000000025
417,2022,ПП,647,3,10-7,1-0.25,3.213000000000008,урожайное,16.06500000000004
418,2022,ПП,647,3,7-5,>5,3.182000000000002,урожайное,15.91000000000001
419,2022,ПП,647,3,7-5,5-4,4.131,урожайное,20.655
420,2022,ПП,647,3,7-5,4-3,2.712999999999994,урожайное,13.56499999999997
421,2022,ПП,647,3,7-5,3-2,1.2220000000000084,урожайное,6.110000000000042
422,2022,ПП,647,3,7-5,2-1,2.3029999999999973,урожайное,11.514999999999986
423,2022,ПП,647,3,7-5,1-0.25,3.8669999999999902,урожайное,19.33499999999995
424,2022,ПП,647,3,5-3,>3,5.251000000000005,урожайное,26.255000000000024
425,2022,ПП,647,3,5-3,3-2,3.430000000000007,урожайное,17.150000000000034
426,2022,ПП,647,3,5-3,2-1,3.3559999999999945,урожайное,16.779999999999973
427,2022,ПП,647,3,5-3,1-0.25,4.721000000000004,урожайное,23.605000000000018
428,2017,ТТ,XVIII,1,5-3,>3,0.9150000000000064,урожайное,4.575000000000032
429,2017,ТТ,XVIII,1,5-3,3-2,2.290999999999997,урожайное,11.454999999999984
430,2017,ТТ,XVIII,1,5-3,2-1,3.600999999999999,урожайное,18.004999999999995
431,2017,ТТ,XVIII,1,5-3,1-0.25,6.198000000000008,урожайное,30.99000000000004
432,2017,ПП,XX,1,5-3,>3,0.6370000000000005,урожайное,3.1850000000000023
433,2017,ПП,XX,1,5-3,3-2,3.0759999999999934,урожайное,15.379999999999965
434,2017,ПП,XX,1,5-3,2-1,2.2830000000000155,урожайное,11.415000000000077
435,2017,ПП,XX,1,5-3,1-0.25,7.997,урожайное,39.985
436,2017,ТТ,XVIII,1,>10,>10,4.171000000000021,урожайное,20.855000000000103
437,2017,ТТ,XVIII,1,>10,10-7,0.5810000000000173,урожайное,2.9050000000000864
438,2017,ТТ,XVIII,1,>10,7-5,1.046999999999997,урожайное,5.234999999999985
439,2017,ТТ,XVIII,1,>10,5-3,0.8799999999999955,урожайное,4.399999999999977
440,2017,ТТ,XVIII,1,>10,3-2,0.9790000000000134,урожайное,4.895000000000067
441,2017,ТТ,XVIII,1,>10,2-1,2.097999999999999,урожайное,10.489999999999995
442,2017,ТТ,XVIII,1,>10,1-0.25,5.594999999999999,урожайное,27.974999999999994
443,2017,ПП,XX,1,>10,>10,1.2180000000000035,урожайное,6.090000000000018
444,2017,ПП,XX,1,>10,10-7,1.2620000000000005,урожайное,6.310000000000001
445,2017,ПП,XX,1,>10,7-5,2.724000000000004,урожайное,13.62000000000002
446,2017,ПП,XX,1,>10,5-3,1.1059999999999943,урожайное,5.529999999999972
447,2017,ПП,XX,1,>10,3-2,1.1380000000000052,урожайное,5.690000000000026
448,2017,ПП,XX,1,>10,2-1,2.176000000000016,урожайное,10.88000000000008
449,2017,ПП,XX,1,>10,1-0.25,6.783000000000016,урожайное,33.915000000000084
450,2017,ТТ,XVIII,1,10-7,>7,1.1589999999999918,урожайное,5.794999999999959
451,2017,ТТ,XVIII,1,10-7,7-5,2.6069999999999998,урожайное,13.035
452,2017,ТТ,XVIII,1,10-7,5-4,0.1929999999999836,урожайное,0.964999999999918
453,2017,ТТ,XVIII,1,10-7,4-3,0.9069999999999964,урожайное,4.534999999999982
454,2017,ТТ,XVIII,1,10-7,3-2,1.102000000000004,урожайное,5.51000000000002
455,2017,ТТ,XVIII,1,10-7,2-1,2.1060000000000088,урожайное,10.530000000000044
456,2017,ТТ,XVIII,1,10-7,1-0.25,7.0,урожайное,35.0
457,2017,ПП,XX,1,10-7,>7,1.3950000000000102,урожайное,6.97500000000005
458,2017,ПП,XX,1,10-7,7-5,1.6970000000000027,урожайное,8.485000000000014
459,2017,ПП,XX,1,10-7,5-4,0.4180000000000063,урожайное,2.0900000000000314
460,2017,ПП,XX,1,10-7,4-3,1.4890000000000043,урожайное,7.445000000000021
461,2017,ПП,XX,1,10-7,3-2,2.093999999999994,урожайное,10.46999999999997
462,2017,ПП,XX,1,10-7,2-1,1.9339999999999973,урожайное,9.669999999999987
463,2017,ПП,XX,1,10-7,1-0.25,5.706000000000003,урожайное,28.530000000000015
464,2017,ТТ,XVIII,1,7-5,>5,1.878,урожайное,9.39
465,2017,ТТ,XVIII,1,7-5,5-4,0.36099999999999,урожайное,1.80499999999995
466,2017,ТТ,XVIII,1,7-5,4-3,0.811000000000007,урожайное,4.055000000000035
467,2017,ТТ,XVIII,1,7-5,3-2,1.7439999999999998,урожайное,8.719999999999999
468,2017,ТТ,XVIII,1,7-5,2-1,2.2480000000000047,урожайное,11.240000000000023
469,2017,ТТ,XVIII,1,7-5,1-0.25,8.152000000000015,урожайное,40.760000000000076
470,2017,ПП,XX,1,7-5,>5,1.311000000000007,урожайное,6.555000000000036
471,2017,ПП,XX,1,7-5,5-4,0.3629999999999995,урожайное,1.8149999999999975
472,2017,ПП,XX,1,7-5,4-3,1.0999999999999943,урожайное,5.499999999999972
473,2017,ПП,XX,1,7-5,3-2,2.403000000000006,урожайное,12.015000000000029
474,2017,ПП,XX,1,7-5,2-1,3.093999999999994,урожайное,15.46999999999997
475,2017,ПП,XX,1,7-5,1-0.25,6.875,урожайное,34.375
