,"Размер агрегатов, мм","Вес, г",Поврторность,GPS №,Год,Тип обработки,region,"Вес монолита, г","Содержание агрегатов, %"
0,>10,1610,1,XX,2022,ПП,урожайное,3115,51.68539325842697
1,10-7,257,1,XX,2022,ПП,урожайное,3115,8.250401284109149
2,7-5,233,1,XX,2022,ПП,урожайное,3115,7.479935794542536
3,5-3,319,1,XX,2022,ПП,урожайное,3115,10.240770465489566
4,3-2,234,1,XX,2022,ПП,урожайное,3115,7.512038523274478
5,2-1,328,1,XX,2022,ПП,урожайное,3115,10.529695024077046
6,1-0.5,26,1,XX,2022,ПП,урожайное,3115,0.8346709470304976
7,0.5-0.25,56,1,XX,2022,ПП,урожайное,3115,1.7977528089887642
8,<0.25,52,1,XX,2022,ПП,урожайное,3115,1.6693418940609952
9,>10,2763,2,XX,2022,ПП,урожайное,4514,61.209570225963674
10,10-7,332,2,XX,2022,ПП,урожайное,4514,7.354895879486044
11,7-5,299,2,XX,2022,ПП,урожайное,4514,6.623836951705804
12,5-3,387,2,XX,2022,ПП,урожайное,4514,8.573327425786442
13,3-2,260,2,XX,2022,ПП,урожайное,4514,5.759858218874612
14,2-1,339,2,XX,2022,ПП,урожайное,4514,7.509968985378822
15,1-0.5,28,2,XX,2022,ПП,урожайное,4514,0.6202924235711121
16,0.5-0.25,59,2,XX,2022,ПП,урожайное,4514,1.3070447496677005
17,<0.25,47,2,XX,2022,ПП,урожайное,4514,1.0412051395657953
18,>10,1710,3,XX,2022,ПП,урожайное,3071,55.682188212308695
19,10-7,268,3,XX,2022,ПП,урожайное,3071,8.72679908824487
20,7-5,222,3,XX,2022,ПП,урожайное,3071,7.228915662650602
21,5-3,300,3,XX,2022,ПП,урожайное,3071,9.76880494952784
22,3-2,200,3,XX,2022,ПП,урожайное,3071,6.51253663301856
23,2-1,263,3,XX,2022,ПП,урожайное,3071,8.563985672419408
24,1-0.5,22,3,XX,2022,ПП,урожайное,3071,0.7163790296320417
25,0.5-0.25,47,3,XX,2022,ПП,урожайное,3071,1.530446108759362
26,<0.25,39,3,XX,2022,ПП,урожайное,3071,1.2699446434386192
27,>10,1415,4,XX,2022,ПП,урожайное,3135,45.13556618819777
28,10-7,227,4,XX,2022,ПП,урожайное,3135,7.240829346092505
29,7-5,289,4,XX,2022,ПП,урожайное,3135,9.218500797448167
30,5-3,417,4,XX,2022,ПП,урожайное,3135,13.301435406698564
31,3-2,260,4,XX,2022,ПП,урожайное,3135,8.293460925039872
32,2-1,395,4,XX,2022,ПП,урожайное,3135,12.599681020733652
33,1-0.5,27,4,XX,2022,ПП,урожайное,3135,0.8612440191387559
34,0.5-0.25,57,4,XX,2022,ПП,урожайное,3135,1.8181818181818181
35,<0.25,48,4,XX,2022,ПП,урожайное,3135,1.5311004784688995
36,>10,3020,5,XX,2022,ПП,урожайное,4133,73.07040890394386
37,10-7,168,5,XX,2022,ПП,урожайное,4133,4.064843939027341
38,7-5,183,5,XX,2022,ПП,урожайное,4133,4.427776433583353
39,5-3,239,5,XX,2022,ПП,урожайное,4133,5.782724413259134
40,3-2,156,5,XX,2022,ПП,урожайное,4133,3.7744979433825305
41,2-1,245,5,XX,2022,ПП,урожайное,4133,5.927897411081539
42,1-0.5,23,5,XX,2022,ПП,урожайное,4133,0.5564964916525525
43,0.5-0.25,55,5,XX,2022,ПП,урожайное,4133,1.3307524800387127
44,<0.25,44,5,XX,2022,ПП,урожайное,4133,1.0646019840309702
45,>10,1954,1,XVIII,2022,ТТ,урожайное,3167,61.69876855067887
46,10-7,275,1,XVIII,2022,ТТ,урожайное,3167,8.683296495105779
47,7-5,221,1,XVIII,2022,ТТ,урожайное,3167,6.978212819703189
48,5-3,249,1,XVIII,2022,ТТ,урожайное,3167,7.86233028102305
49,3-2,175,1,XVIII,2022,ТТ,урожайное,3167,5.525734133249132
50,2-1,183,1,XVIII,2022,ТТ,урожайное,3167,5.778339122197663
51,1-0.5,19,1,XVIII,2022,ТТ,урожайное,3167,0.5999368487527629
52,0.5-0.25,46,1,XVIII,2022,ТТ,урожайное,3167,1.4524786864540573
53,<0.25,45,1,XVIII,2022,ТТ,урожайное,3167,1.420903062835491
54,>10,1060,2,XVIII,2022,ТТ,урожайное,2843,37.28455856489624
55,10-7,297,2,XVIII,2022,ТТ,урожайное,2843,10.446711220541681
56,7-5,274,2,XVIII,2022,ТТ,урожайное,2843,9.637706647907141
57,5-3,375,2,XVIII,2022,ТТ,урожайное,2843,13.190291945128385
58,3-2,252,2,XVIII,2022,ТТ,урожайное,2843,8.863876187126275
59,2-1,392,2,XVIII,2022,ТТ,урожайное,2843,13.788251846640872
60,1-0.5,40,2,XVIII,2022,ТТ,урожайное,2843,1.4069644741470277
61,0.5-0.25,86,2,XVIII,2022,ТТ,урожайное,2843,3.0249736194161096
62,<0.25,67,2,XVIII,2022,ТТ,урожайное,2843,2.3566654941962715
63,>10,1955,3,XVIII,2022,ТТ,урожайное,3286,59.494826536822885
64,10-7,138,3,XVIII,2022,ТТ,урожайное,3286,4.199634814363969
65,7-5,169,3,XVIII,2022,ТТ,урожайное,3286,5.1430310407790625
66,5-3,262,3,XVIII,2022,ТТ,урожайное,3286,7.973219720024345
67,3-2,183,3,XVIII,2022,ТТ,урожайное,3286,5.569080949482654
68,2-1,379,3,XVIII,2022,ТТ,урожайное,3286,11.533779671332928
69,1-0.5,29,3,XVIII,2022,ТТ,урожайное,3286,0.8825319537431529
70,0.5-0.25,80,3,XVIII,2022,ТТ,урожайное,3286,2.4345709068776626
71,<0.25,91,3,XVIII,2022,ТТ,урожайное,3286,2.7693244065733413
72,>10,3111,4,XVIII,2022,ТТ,урожайное,4347,71.56659765355417
73,10-7,132,4,XVIII,2022,ТТ,урожайное,4347,3.036576949620428
74,7-5,135,4,XVIII,2022,ТТ,урожайное,4347,3.1055900621118013
75,5-3,200,4,XVIII,2022,ТТ,урожайное,4347,4.6008741660915575
76,3-2,141,4,XVIII,2022,ТТ,урожайное,4347,3.243616287094548
77,2-1,253,4,XVIII,2022,ТТ,урожайное,4347,5.82010582010582
78,1-0.5,275,4,XVIII,2022,ТТ,урожайное,4347,6.326201978375891
79,0.5-0.25,56,4,XVIII,2022,ТТ,урожайное,4347,1.288244766505636
80,<0.25,44,4,XVIII,2022,ТТ,урожайное,4347,1.0121923165401427
81,>10,2779,5,XVIII,2022,ТТ,урожайное,3380,82.2189349112426
82,10-7,114,5,XVIII,2022,ТТ,урожайное,3380,3.3727810650887577
83,7-5,93,5,XVIII,2022,ТТ,урожайное,3380,2.7514792899408285
84,5-3,128,5,XVIII,2022,ТТ,урожайное,3380,3.7869822485207103
85,3-2,77,5,XVIII,2022,ТТ,урожайное,3380,2.2781065088757395
86,2-1,117,5,XVIII,2022,ТТ,урожайное,3380,3.4615384615384617
87,1-0.5,14,5,XVIII,2022,ТТ,урожайное,3380,0.41420118343195267
88,0.5-0.25,32,5,XVIII,2022,ТТ,урожайное,3380,0.9467455621301776
89,<0.25,26,5,XVIII,2022,ТТ,урожайное,3380,0.7692307692307693
90,>10,3493,1,645,2022,ПП,урожайное,3773,92.57884972170687
91,10-7,60,1,645,2022,ПП,урожайное,3773,1.5902464882056717
92,7-5,52,1,645,2022,ПП,урожайное,3773,1.3782136231115822
93,5-3,73,1,645,2022,ПП,урожайное,3773,1.9347998939835676
94,3-2,44,1,645,2022,ПП,урожайное,3773,1.1661807580174928
95,2-1,38,1,645,2022,ПП,урожайное,3773,1.0071561091969254
96,1-0.5,3,1,645,2022,ПП,урожайное,3773,0.0795123244102836
97,0.5-0.25,5,1,645,2022,ПП,урожайное,3773,0.13252054068380598
98,<0.25,5,1,645,2022,ПП,урожайное,3773,0.13252054068380598
99,>10,4591,2,645,2022,ПП,урожайное,6103,75.22529903326233
100,10-7,377,2,645,2022,ПП,урожайное,6103,6.177289857447158
101,7-5,253,2,645,2022,ПП,урожайное,6103,4.145502212026872
102,5-3,322,2,645,2022,ПП,урожайное,6103,5.276093724397837
103,3-2,210,2,645,2022,ПП,урожайное,6103,3.4409306898246763
104,2-1,245,2,645,2022,ПП,урожайное,6103,4.0144191381287895
105,1-0.5,21,2,645,2022,ПП,урожайное,6103,0.34409306898246766
106,0.5-0.25,44,2,645,2022,ПП,урожайное,6103,0.720956906439456
107,<0.25,40,2,645,2022,ПП,урожайное,6103,0.6554153694904146
108,>10,3612,3,645,2022,ПП,урожайное,4594,78.62429255550718
109,10-7,223,3,645,2022,ПП,урожайное,4594,4.854157596865476
110,7-5,192,3,645,2022,ПП,урожайное,4594,4.1793643883326075
111,5-3,239,3,645,2022,ПП,урожайное,4594,5.202437962559861
112,3-2,132,3,645,2022,ПП,урожайное,4594,2.873313016978668
113,2-1,136,3,645,2022,ПП,урожайное,4594,2.960383108402264
114,1-0.5,15,3,645,2022,ПП,урожайное,4594,0.326512842838485
115,0.5-0.25,20,3,645,2022,ПП,урожайное,4594,0.43535045711798
116,<0.25,25,3,645,2022,ПП,урожайное,4594,0.5441880713974749
117,>10,2265,4,645,2022,ПП,урожайное,3736,60.62633832976445
118,10-7,348,4,645,2022,ПП,урожайное,3736,9.314775160599572
119,7-5,330,4,645,2022,ПП,урожайное,3736,8.832976445396145
120,5-3,265,4,645,2022,ПП,урожайное,3736,7.093147751605995
121,3-2,176,4,645,2022,ПП,урожайное,3736,4.710920770877944
122,2-1,227,4,645,2022,ПП,урожайное,3736,6.076017130620985
123,1-0.5,24,4,645,2022,ПП,урожайное,3736,0.6423982869379015
124,0.5-0.25,50,4,645,2022,ПП,урожайное,3736,1.3383297644539616
125,<0.25,51,4,645,2022,ПП,урожайное,3736,1.3650963597430408
126,>10,3218,5,645,2022,ПП,урожайное,4227,76.12964277265199
127,10-7,174,5,645,2022,ПП,урожайное,4227,4.116394606103619
128,7-5,198,5,645,2022,ПП,урожайное,4227,4.68417317246274
129,5-3,236,5,645,2022,ПП,урожайное,4227,5.583155902531346
130,3-2,162,5,645,2022,ПП,урожайное,4227,3.8325053229240598
131,2-1,165,5,645,2022,ПП,урожайное,4227,3.9034776437189493
132,1-0.5,14,5,645,2022,ПП,урожайное,4227,0.33120416370948663
133,0.5-0.25,32,5,645,2022,ПП,урожайное,4227,0.7570380884788266
134,<0.25,28,5,645,2022,ПП,урожайное,4227,0.6624083274189733
135,>10,1991,1,646,2022,ТТ,урожайное,3155,63.10618066561015
136,10-7,173,1,646,2022,ТТ,урожайное,3155,5.483359746434231
137,7-5,152,1,646,2022,ТТ,урожайное,3155,4.817749603803486
138,5-3,207,1,646,2022,ТТ,урожайное,3155,6.561014263074486
139,3-2,157,1,646,2022,ТТ,урожайное,3155,4.976228209191759
140,2-1,258,1,646,2022,ТТ,урожайное,3155,8.177496038034866
141,1-0.5,29,1,646,2022,ТТ,урожайное,3155,0.9191759112519811
142,0.5-0.25,85,1,646,2022,ТТ,урожайное,3155,2.694136291600634
143,<0.25,103,1,646,2022,ТТ,урожайное,3155,3.264659270998415
144,>10,4786,2,646,2022,ТТ,урожайное,5979,80.04683057367453
145,10-7,201,2,646,2022,ТТ,урожайное,5979,3.3617661816357254
146,7-5,145,2,646,2022,ТТ,урожайное,5979,2.4251547081451745
147,5-3,219,2,646,2022,ТТ,урожайное,5979,3.6628198695434016
148,3-2,146,2,646,2022,ТТ,урожайное,5979,2.441879913028935
149,2-1,303,2,646,2022,ТТ,урожайное,5979,5.067737079779228
150,1-0.5,17,2,646,2022,ТТ,урожайное,5979,0.28432848302391706
151,0.5-0.25,66,2,646,2022,ТТ,урожайное,5979,1.1038635223281485
152,<0.25,96,2,646,2022,ТТ,урожайное,5979,1.6056196688409432
153,>10,3069,3,646,2022,ТТ,урожайное,4125,74.4
154,10-7,145,3,646,2022,ТТ,урожайное,4125,3.5151515151515147
155,7-5,146,3,646,2022,ТТ,урожайное,4125,3.5393939393939395
156,5-3,184,3,646,2022,ТТ,урожайное,4125,4.460606060606061
157,3-2,128,3,646,2022,ТТ,урожайное,4125,3.103030303030303
158,2-1,262,3,646,2022,ТТ,урожайное,4125,6.351515151515151
159,1-0.5,27,3,646,2022,ТТ,урожайное,4125,0.6545454545454545
160,0.5-0.25,72,3,646,2022,ТТ,урожайное,4125,1.7454545454545456
161,<0.25,92,3,646,2022,ТТ,урожайное,4125,2.2303030303030305
162,>10,3349,4,646,2022,ТТ,урожайное,5096,65.7182103610675
163,10-7,243,4,646,2022,ТТ,урожайное,5096,4.768445839874412
164,7-5,255,4,646,2022,ТТ,урожайное,5096,5.0039246467817895
165,5-3,335,4,646,2022,ТТ,урожайное,5096,6.573783359497646
166,3-2,240,4,646,2022,ТТ,урожайное,5096,4.709576138147567
167,2-1,442,4,646,2022,ТТ,урожайное,5096,8.673469387755102
168,1-0.5,35,4,646,2022,ТТ,урожайное,5096,0.6868131868131868
169,0.5-0.25,88,4,646,2022,ТТ,урожайное,5096,1.726844583987441
170,<0.25,109,4,646,2022,ТТ,урожайное,5096,2.1389324960753533
171,>10,2698,5,646,2022,ТТ,урожайное,4164,64.79346781940441
172,10-7,250,5,646,2022,ТТ,урожайное,4164,6.003842459173871
173,7-5,245,5,646,2022,ТТ,урожайное,4164,5.8837656099903946
174,5-3,285,5,646,2022,ТТ,урожайное,4164,6.844380403458213
175,3-2,190,5,646,2022,ТТ,урожайное,4164,4.5629202689721415
176,2-1,311,5,646,2022,ТТ,урожайное,4164,7.4687800192122955
177,1-0.5,31,5,646,2022,ТТ,урожайное,4164,0.74447646493756
178,0.5-0.25,78,5,646,2022,ТТ,урожайное,4164,1.8731988472622478
179,<0.25,76,5,646,2022,ТТ,урожайное,4164,1.8251681075888568
180,>10,3663,1,647,2022,ПП,урожайное,4790,76.47181628392484
181,10-7,268,1,647,2022,ПП,урожайное,4790,5.5949895615866385
182,7-5,203,1,647,2022,ПП,урожайное,4790,4.237995824634655
183,5-3,263,1,647,2022,ПП,урожайное,4790,5.490605427974947
184,3-2,143,1,647,2022,ПП,урожайное,4790,2.9853862212943634
185,2-1,169,1,647,2022,ПП,урожайное,4790,3.528183716075157
186,1-0.5,16,1,647,2022,ПП,урожайное,4790,0.33402922755741127
187,0.5-0.25,34,1,647,2022,ПП,урожайное,4790,0.7098121085594989
188,<0.25,31,1,647,2022,ПП,урожайное,4790,0.6471816283924844
189,>10,1729,2,647,2022,ПП,урожайное,3695,46.79296346414073
190,10-7,483,2,647,2022,ПП,урожайное,3695,13.07171853856563
191,7-5,351,2,647,2022,ПП,урожайное,3695,9.499323410013531
192,5-3,442,2,647,2022,ПП,урожайное,3695,11.962110960757782
193,3-2,259,2,647,2022,ПП,урожайное,3695,7.009472259810555
194,2-1,303,2,647,2022,ПП,урожайное,3695,8.200270635994586
195,1-0.5,23,2,647,2022,ПП,урожайное,3695,0.6224627875507442
196,0.5-0.25,48,2,647,2022,ПП,урожайное,3695,1.2990527740189444
197,<0.25,57,2,647,2022,ПП,урожайное,3695,1.5426251691474966
198,>10,1969,3,647,2022,ПП,урожайное,3607,54.58830052675353
199,10-7,386,3,647,2022,ПП,урожайное,3607,10.701413917382867
200,7-5,295,3,647,2022,ПП,урожайное,3607,8.178541724424731
201,5-3,385,3,647,2022,ПП,урожайное,3607,10.67369004713058
202,3-2,217,3,647,2022,ПП,урожайное,3607,6.016079844746327
203,2-1,255,3,647,2022,ПП,урожайное,3607,7.069586914333241
204,1-0.5,21,3,647,2022,ПП,урожайное,3607,0.5822012752980316
205,0.5-0.25,42,3,647,2022,ПП,урожайное,3607,1.1644025505960631
206,<0.25,37,3,647,2022,ПП,урожайное,3607,1.0257831993346271
207,>10,2272,4,647,2022,ПП,урожайное,3295,68.95295902883156
208,10-7,182,4,647,2022,ПП,урожайное,3295,5.523520485584219
209,7-5,169,4,647,2022,ПП,урожайное,3295,5.128983308042489
210,5-3,234,4,647,2022,ПП,урожайное,3295,7.101669195751138
211,3-2,152,4,647,2022,ПП,урожайное,3295,4.613050075872534
212,2-1,195,4,647,2022,ПП,урожайное,3295,5.918057663125948
213,1-0.5,20,4,647,2022,ПП,урожайное,3295,0.6069802731411229
214,0.5-0.25,40,4,647,2022,ПП,урожайное,3295,1.2139605462822458
215,<0.25,31,4,647,2022,ПП,урожайное,3295,0.9408194233687405
216,>10,2293,5,647,2022,ПП,урожайное,4044,56.70128585558852
217,10-7,408,5,647,2022,ПП,урожайное,4044,10.089020771513352
218,7-5,302,5,647,2022,ПП,урожайное,4044,7.467853610286845
219,5-3,399,5,647,2022,ПП,урожайное,4044,9.86646884272997
220,3-2,236,5,647,2022,ПП,урожайное,4044,5.835806132542038
221,2-1,281,5,647,2022,ПП,урожайное,4044,6.948565776458951
222,1-0.5,26,5,647,2022,ПП,урожайное,4044,0.6429277942631058
223,0.5-0.25,50,5,647,2022,ПП,урожайное,4044,1.2363996043521266
224,<0.25,49,5,647,2022,ПП,урожайное,4044,1.2116716122650841
225,>10,1770,1,XX,2017,ПП,урожайное,3300,53.63636363636364
226,10-7,262,1,XX,2017,ПП,урожайное,3300,7.9393939393939394
227,7-5,220,1,XX,2017,ПП,урожайное,3300,6.666666666666667
228,5-3,306,1,XX,2017,ПП,урожайное,3300,9.272727272727273
229,3-2,221,1,XX,2017,ПП,урожайное,3300,6.696969696969697
230,2-1,319,1,XX,2017,ПП,урожайное,3300,9.666666666666666
231,1-0.5,25,1,XX,2017,ПП,урожайное,3300,0.7575757575757576
232,0.5-0.25,74,1,XX,2017,ПП,урожайное,3300,2.242424242424242
233,<0.25,103,1,XX,2017,ПП,урожайное,3300,3.121212121212121
234,>10,2475,2,XX,2017,ПП,урожайное,3323,74.48089076136021
235,10-7,170,2,XX,2017,ПП,урожайное,3323,5.11585916340656
236,7-5,143,2,XX,2017,ПП,урожайное,3323,4.303340355100812
237,5-3,178,2,XX,2017,ПП,урожайное,3323,5.356605476978634
238,3-2,113,2,XX,2017,ПП,урожайное,3323,3.4005416792055367
239,2-1,147,2,XX,2017,ПП,урожайное,3323,4.42371351188685
240,1-0.5,17,2,XX,2017,ПП,урожайное,3323,0.5115859163406561
241,0.5-0.25,35,2,XX,2017,ПП,урожайное,3323,1.0532651218778213
242,<0.25,45,2,XX,2017,ПП,урожайное,3323,1.354198013842913
243,>10,1220,3,XX,2017,ПП,урожайное,1780,68.53932584269663
244,10-7,127,3,XX,2017,ПП,урожайное,1780,7.134831460674157
245,7-5,93,3,XX,2017,ПП,урожайное,1780,5.224719101123595
246,5-3,114,3,XX,2017,ПП,урожайное,1780,6.404494382022471
247,3-2,65,3,XX,2017,ПП,урожайное,1780,3.651685393258427
248,2-1,88,3,XX,2017,ПП,урожайное,1780,4.943820224719101
249,1-0.5,10,3,XX,2017,ПП,урожайное,1780,0.5617977528089888
250,0.5-0.25,27,3,XX,2017,ПП,урожайное,1780,1.5168539325842696
251,<0.25,36,3,XX,2017,ПП,урожайное,1780,2.0224719101123596
252,>10,1451,4,XX,2017,ПП,урожайное,2446,59.32134096484055
253,10-7,307,4,XX,2017,ПП,урожайное,2446,12.551103843008995
254,7-5,173,4,XX,2017,ПП,урожайное,2446,7.072771872444808
255,5-3,193,4,XX,2017,ПП,урожайное,2446,7.890433360588717
256,3-2,117,4,XX,2017,ПП,урожайное,2446,4.783319705641864
257,2-1,133,4,XX,2017,ПП,урожайное,2446,5.437448896156991
258,1-0.5,10,4,XX,2017,ПП,урожайное,2446,0.4088307440719542
259,0.5-0.25,27,4,XX,2017,ПП,урожайное,2446,1.1038430089942763
260,<0.25,35,4,XX,2017,ПП,урожайное,2446,1.4309076042518398
261,>10,1965,5,XX,2017,ПП,урожайное,2369,82.9463908822288
262,10-7,89,5,XX,2017,ПП,урожайное,2369,3.7568594343604897
263,7-5,60,5,XX,2017,ПП,урожайное,2369,2.5327142254115658
264,5-3,80,5,XX,2017,ПП,урожайное,2369,3.376952300548755
265,3-2,50,5,XX,2017,ПП,урожайное,2369,2.1105951878429714
266,2-1,70,5,XX,2017,ПП,урожайное,2369,2.95483326298016
267,1-0.5,8,5,XX,2017,ПП,урожайное,2369,0.33769523005487545
268,0.5-0.25,20,5,XX,2017,ПП,урожайное,2369,0.8442380751371887
269,<0.25,27,5,XX,2017,ПП,урожайное,2369,1.1397214014352046
270,>10,1300,1,XVIII,2017,ТТ,урожайное,1959,66.36038795303726
271,10-7,81,1,XVIII,2017,ТТ,урожайное,1959,4.134762633996937
272,7-5,89,1,XVIII,2017,ТТ,урожайное,1959,4.543134252169474
273,5-3,119,1,XVIII,2017,ТТ,урожайное,1959,6.074527820316488
274,3-2,92,1,XVIII,2017,ТТ,урожайное,1959,4.696273608984176
275,2-1,173,1,XVIII,2017,ТТ,урожайное,1959,8.831036242981114
276,1-0.5,11,1,XVIII,2017,ТТ,урожайное,1959,0.5615109749872383
277,0.5-0.25,41,1,XVIII,2017,ТТ,урожайное,1959,2.092904543134252
278,<0.25,53,1,XVIII,2017,ТТ,урожайное,1959,2.7054619703930576
279,>10,739,2,XVIII,2017,ТТ,урожайное,1570,47.07006369426752
280,10-7,151,2,XVIII,2017,ТТ,урожайное,1570,9.61783439490446
281,7-5,148,2,XVIII,2017,ТТ,урожайное,1570,9.42675159235669
282,5-3,180,2,XVIII,2017,ТТ,урожайное,1570,11.464968152866243
283,3-2,107,2,XVIII,2017,ТТ,урожайное,1570,6.8152866242038215
284,2-1,151,2,XVIII,2017,ТТ,урожайное,1570,9.61783439490446
285,1-0.5,11,2,XVIII,2017,ТТ,урожайное,1570,0.7006369426751593
286,0.5-0.25,37,2,XVIII,2017,ТТ,урожайное,1570,2.3566878980891723
287,<0.25,46,2,XVIII,2017,ТТ,урожайное,1570,2.9299363057324843
288,>10,586,3,XVIII,2017,ТТ,урожайное,1613,36.329820210787354
289,10-7,277,3,XVIII,2017,ТТ,урожайное,1613,17.17296962182269
290,7-5,174,3,XVIII,2017,ТТ,урожайное,1613,10.787352758834471
291,5-3,198,3,XVIII,2017,ТТ,урожайное,1613,12.27526348419095
292,3-2,120,3,XVIII,2017,ТТ,урожайное,1613,7.439553626782393
293,2-1,166,3,XVIII,2017,ТТ,урожайное,1613,10.291382517048978
294,1-0.5,12,3,XVIII,2017,ТТ,урожайное,1613,0.7439553626782394
295,0.5-0.25,33,3,XVIII,2017,ТТ,урожайное,1613,2.045877247365158
296,<0.25,47,3,XVIII,2017,ТТ,урожайное,1613,2.913825170489771
297,>10,1240,4,XVIII,2017,ТТ,урожайное,2123,58.40791333019312
298,10-7,197,4,XVIII,2017,ТТ,урожайное,2123,9.279321714554875
299,7-5,149,4,XVIII,2017,ТТ,урожайное,2123,7.018370230805464
300,5-3,173,4,XVIII,2017,ТТ,урожайное,2123,8.14884597268017
301,3-2,104,4,XVIII,2017,ТТ,урожайное,2123,4.898728214790391
302,2-1,163,4,XVIII,2017,ТТ,урожайное,2123,7.677814413565709
303,1-0.5,11,4,XVIII,2017,ТТ,урожайное,2123,0.5181347150259068
304,0.5-0.25,36,4,XVIII,2017,ТТ,урожайное,2123,1.6957136128120585
305,<0.25,50,4,XVIII,2017,ТТ,урожайное,2123,2.3551577955723033
306,>10,1509,5,XVIII,2017,ТТ,урожайное,2457,61.41636141636142
307,10-7,196,5,XVIII,2017,ТТ,урожайное,2457,7.977207977207977
308,7-5,167,5,XVIII,2017,ТТ,урожайное,2457,6.796906796906797
309,5-3,202,5,XVIII,2017,ТТ,урожайное,2457,8.221408221408222
310,3-2,119,5,XVIII,2017,ТТ,урожайное,2457,4.843304843304843
311,2-1,165,5,XVIII,2017,ТТ,урожайное,2457,6.715506715506716
312,1-0.5,12,5,XVIII,2017,ТТ,урожайное,2457,0.4884004884004884
313,0.5-0.25,37,5,XVIII,2017,ТТ,урожайное,2457,1.505901505901506
314,<0.25,50,5,XVIII,2017,ТТ,урожайное,2457,2.035002035002035
315,>10,3001,1,__,2019,ПП,Курск,5103,58.80854399372918
316,10-7,305,1,__,2019,ПП,Курск,5103,5.9768763472467175
317,7-5,253,1,__,2019,ПП,Курск,5103,4.957867920830884
318,5-3,380,1,__,2019,ПП,Курск,5103,7.4466000391926315
319,3-2,247,1,__,2019,ПП,Курск,5103,4.840290025475211
320,2-1,771,1,__,2019,ПП,Курск,5103,15.108759553203999
321,1-0.5,30,1,__,2019,ПП,Курск,5103,0.5878894767783657
322,0.5-0.25,74,1,__,2019,ПП,Курск,5103,1.450127376053302
323,<0.25,42,1,__,2019,ПП,Курск,5103,0.823045267489712
324,>10,2814,2,__,2019,ПП,Курск,5340,52.69662921348315
325,10-7,319,2,__,2019,ПП,Курск,5340,5.97378277153558
326,7-5,283,2,__,2019,ПП,Курск,5340,5.299625468164794
327,5-3,409,2,__,2019,ПП,Курск,5340,7.6591760299625475
328,3-2,297,2,__,2019,ПП,Курск,5340,5.561797752808989
329,2-1,861,2,__,2019,ПП,Курск,5340,16.123595505617978
330,1-0.5,54,2,__,2019,ПП,Курск,5340,1.0112359550561798
331,0.5-0.25,166,2,__,2019,ПП,Курск,5340,3.108614232209738
332,<0.25,137,2,__,2019,ПП,Курск,5340,2.5655430711610485
333,>10,3467,3,__,2019,ПП,Курск,7059,49.11460546819663
334,10-7,554,3,__,2019,ПП,Курск,7059,7.848137129905086
335,7-5,508,3,__,2019,ПП,Курск,7059,7.196486754497804
336,5-3,657,3,__,2019,ПП,Курск,7059,9.307267318317042
337,3-2,536,3,__,2019,ПП,Курск,7059,7.593143504745714
338,2-1,1147,3,__,2019,ПП,Курск,7059,16.248760447655474
339,1-0.5,52,3,__,2019,ПП,Курск,7059,0.7366482504604052
340,0.5-0.25,90,3,__,2019,ПП,Курск,7059,1.2749681257968553
341,<0.25,48,3,__,2019,ПП,Курск,7059,0.6799830004249894
342,>10,4648,4,__,2019,ПП,Курск,6941,66.96441434951737
343,10-7,298,4,__,2019,ПП,Курск,6941,4.293329491427748
344,7-5,267,4,__,2019,ПП,Курск,6941,3.846707967151707
345,5-3,394,4,__,2019,ПП,Курск,6941,5.676415502089037
346,3-2,289,4,__,2019,ПП,Курск,6941,4.1636651779282525
347,2-1,848,4,__,2019,ПП,Курск,6941,12.217259760841378
348,1-0.5,36,4,__,2019,ПП,Курск,6941,0.518657253997983
349,0.5-0.25,101,4,__,2019,ПП,Курск,6941,1.4551217403832302
350,<0.25,60,4,__,2019,ПП,Курск,6941,0.864428756663305
351,>10,3976,5,__,2019,ПП,Курск,7247,54.86408168897475
352,10-7,470,5,__,2019,ПП,Курск,7247,6.48544225196633
353,7-5,554,5,__,2019,ПП,Курск,7247,7.644542569339037
354,5-3,547,5,__,2019,ПП,Курск,7247,7.547950876224645
355,3-2,532,5,__,2019,ПП,Курск,7247,7.340968676693804
356,2-1,1042,5,__,2019,ПП,Курск,7247,14.378363460742378
357,1-0.5,19,5,__,2019,ПП,Курск,7247,0.26217745273906445
358,0.5-0.25,66,5,__,2019,ПП,Курск,7247,0.9107216779356976
359,<0.25,41,5,__,2019,ПП,Курск,7247,0.5657513453842969
360,>10,4146,1,__,2019,ТТ,Курск,6150,67.41463414634147
361,10-7,235,1,__,2019,ТТ,Курск,6150,3.8211382113821135
362,7-5,235,1,__,2019,ТТ,Курск,6150,3.8211382113821135
363,5-3,345,1,__,2019,ТТ,Курск,6150,5.609756097560976
364,3-2,243,1,__,2019,ТТ,Курск,6150,3.951219512195122
365,2-1,708,1,__,2019,ТТ,Курск,6150,11.51219512195122
366,1-0.5,38,1,__,2019,ТТ,Курск,6150,0.6178861788617886
367,0.5-0.25,109,1,__,2019,ТТ,Курск,6150,1.7723577235772356
368,<0.25,91,1,__,2019,ТТ,Курск,6150,1.4796747967479675
369,>10,2130,2,__,2019,ТТ,Курск,6046,35.22990406880582
370,10-7,396,2,__,2019,ТТ,Курск,6046,6.5497849818061535
371,7-5,385,2,__,2019,ТТ,Курск,6046,6.367846510089316
372,5-3,643,2,__,2019,ТТ,Курск,6046,10.635130664902414
373,3-2,659,2,__,2019,ТТ,Курск,6046,10.899768441945087
374,2-1,1505,2,__,2019,ТТ,Курск,6046,24.892490903076414
375,1-0.5,57,2,__,2019,ТТ,Курск,6046,0.9427720807145219
376,0.5-0.25,171,2,__,2019,ТТ,Курск,6046,2.828316242143566
377,<0.25,100,2,__,2019,ТТ,Курск,6046,1.6539861065167052
378,>10,3904,3,__,2019,ТТ,Курск,5348,72.99925205684367
379,10-7,167,3,__,2019,ТТ,Курск,5348,3.1226626776365
380,7-5,154,3,__,2019,ТТ,Курск,5348,2.8795811518324608
381,5-3,249,3,__,2019,ТТ,Курск,5348,4.655946148092744
382,3-2,157,3,__,2019,ТТ,Курск,5348,2.9356768885564697
383,2-1,580,3,__,2019,ТТ,Курск,5348,10.845175766641734
384,1-0.5,18,3,__,2019,ТТ,Курск,5348,0.3365744203440539
385,0.5-0.25,54,3,__,2019,ТТ,Курск,5348,1.0097232610321616
386,<0.25,65,3,__,2019,ТТ,Курск,5348,1.2154076290201943
387,>10,3238,4,__,2019,ТТ,Курск,5945,54.4659377628259
388,10-7,348,4,__,2019,ТТ,Курск,5945,5.853658536585367
389,7-5,306,4,__,2019,ТТ,Курск,5945,5.147182506307821
390,5-3,435,4,__,2019,ТТ,Курск,5945,7.317073170731707
391,3-2,362,4,__,2019,ТТ,Курск,5945,6.089150546677881
392,2-1,1113,4,__,2019,ТТ,Курск,5945,18.721614802354917
393,1-0.5,28,4,__,2019,ТТ,Курск,5945,0.47098402018502944
394,0.5-0.25,80,4,__,2019,ТТ,Курск,5945,1.3456686291000841
395,<0.25,35,4,__,2019,ТТ,Курск,5945,0.5887300252312868
396,>10,2635,5,__,2019,ТТ,Курск,5537,47.588947083258084
397,10-7,329,5,__,2019,ТТ,Курск,5537,5.941845764854614
398,7-5,314,5,__,2019,ТТ,Курск,5537,5.670940942748781
399,5-3,433,5,__,2019,ТТ,Курск,5537,7.820119198121726
400,3-2,475,5,__,2019,ТТ,Курск,5537,8.578652700018061
401,2-1,1216,5,__,2019,ТТ,Курск,5537,21.961350912046235
402,1-0.5,34,5,__,2019,ТТ,Курск,5537,0.614050930106556
403,0.5-0.25,62,5,__,2019,ТТ,Курск,5537,1.1197399313707783
404,<0.25,39,5,__,2019,ТТ,Курск,5537,0.7043525374751671
405,>10,1965,1,Архангельский,2019,ТТ,архангельский,5387,36.476703174308525
406,10-7,162,1,Архангельский,2019,ТТ,архангельский,5387,3.007239651011695
407,7-5,152,1,Архангельский,2019,ТТ,архангельский,5387,2.821607573788751
408,5-3,196,1,Архангельский,2019,ТТ,архангельский,5387,3.6383887135697046
409,3-2,163,1,Архангельский,2019,ТТ,архангельский,5387,3.0258028587339894
410,2-1,269,1,Архангельский,2019,ТТ,архангельский,5387,4.993502877297197
411,1-0.5,305,1,Архангельский,2019,ТТ,архангельский,5387,5.661778355299796
412,0.5-0.25,93,1,Архангельский,2019,ТТ,архангельский,5387,1.7263783181733803
413,<0.25,173,1,Архангельский,2019,ТТ,архангельский,5387,3.2114349359569334
414,>10,1909,2,Архангельский,2019,ТТ,архангельский,5387,35.43716354186003
415,10-7,186,2,Архангельский,2019,ТТ,архангельский,1442,12.89875173370319
416,7-5,162,2,Архангельский,2019,ТТ,архангельский,1442,11.234396671289876
417,5-3,209,2,Архангельский,2019,ТТ,архангельский,1442,14.49375866851595
418,3-2,166,2,Архангельский,2019,ТТ,архангельский,1442,11.511789181692095
419,2-1,241,2,Архангельский,2019,ТТ,архангельский,1442,16.712898751733704
420,1-0.5,212,2,Архангельский,2019,ТТ,архангельский,1442,14.701803051317613
421,0.5-0.25,117,2,Архангельский,2019,ТТ,архангельский,1442,8.11373092926491
422,<0.25,149,2,Архангельский,2019,ТТ,архангельский,1442,10.332871012482663
423,>10,1260,3,Архангельский,2019,ТТ,архангельский,3485,36.15494978479197
424,10-7,229,3,Архангельский,2019,ТТ,архангельский,3485,6.571018651362984
425,7-5,194,3,Архангельский,2019,ТТ,архангельский,3485,5.566714490674318
426,5-3,278,3,Архангельский,2019,ТТ,архангельский,3485,7.977044476327117
427,3-2,225,3,Архангельский,2019,ТТ,архангельский,3485,6.456241032998565
428,2-1,604,3,Архангельский,2019,ТТ,архангельский,3485,17.33142037302726
429,1-0.5,168,3,Архангельский,2019,ТТ,архангельский,3485,4.820659971305596
430,0.5-0.25,259,3,Архангельский,2019,ТТ,архангельский,3485,7.431850789096127
431,<0.25,268,3,Архангельский,2019,ТТ,архангельский,3485,7.690100430416069
432,>10,1485,4,Архангельский,2019,ТТ,архангельский,3011,49.319163068747926
433,10-7,196,4,Архангельский,2019,ТТ,архангельский,3011,6.509465293922285
434,7-5,169,4,Архангельский,2019,ТТ,архангельский,3011,5.612753238126868
435,5-3,198,4,Архангельский,2019,ТТ,архангельский,3011,6.5758884091663905
436,3-2,161,4,Архангельский,2019,ТТ,архангельский,3011,5.347060777150448
437,2-1,377,4,Архангельский,2019,ТТ,архангельский,3011,12.520757223513781
438,1-0.5,176,4,Архангельский,2019,ТТ,архангельский,3011,5.845234141481235
439,0.5-0.25,102,4,Архангельский,2019,ТТ,архангельский,3011,3.3875788774493523
440,<0.25,147,4,Архангельский,2019,ТТ,архангельский,3011,4.882098970441714
441,>10,2299,5,Архангельский,2019,ТТ,архангельский,3954,58.14365199797673
442,10-7,233,5,Архангельский,2019,ТТ,архангельский,3954,5.892766818411735
443,7-5,170,5,Архангельский,2019,ТТ,архангельский,3954,4.299443601416288
444,5-3,232,5,Архангельский,2019,ТТ,архангельский,3954,5.8674759736975215
445,3-2,165,5,Архангельский,2019,ТТ,архангельский,3954,4.17298937784522
446,2-1,310,5,Архангельский,2019,ТТ,архангельский,3954,7.840161861406171
447,1-0.5,438,5,Архангельский,2019,ТТ,архангельский,3954,11.077389984825494
448,0.5-0.25,53,5,Архангельский,2019,ТТ,архангельский,3954,1.340414769853313
449,<0.25,54,5,Архангельский,2019,ТТ,архангельский,3954,1.3657056145675266
450,>10,2519,1,Архангельский,2019,ПП,архангельский,4442,56.70868977937866
451,10-7,300,1,Архангельский,2019,ПП,архангельский,4442,6.75371454299865
452,7-5,279,1,Архангельский,2019,ПП,архангельский,4442,6.2809545249887435
453,5-3,395,1,Архангельский,2019,ПП,архангельский,4442,8.892390814948222
454,3-2,228,1,Архангельский,2019,ПП,архангельский,4442,5.132823052678973
455,2-1,343,1,Архангельский,2019,ПП,архангельский,4442,7.7217469608284555
456,1-0.5,37,1,Архангельский,2019,ПП,архангельский,4442,0.8329581269698334
457,0.5-0.25,116,1,Архангельский,2019,ПП,архангельский,4442,2.6114362899594776
458,<0.25,225,1,Архангельский,2019,ПП,архангельский,4442,5.065285907248987
459,>10,1629,2,Архангельский,2019,ПП,архангельский,2940,55.40816326530612
460,10-7,254,2,Архангельский,2019,ПП,архангельский,2940,8.639455782312925
461,7-5,203,2,Архангельский,2019,ПП,архангельский,2940,6.904761904761905
462,5-3,270,2,Архангельский,2019,ПП,архангельский,2940,9.183673469387756
463,3-2,162,2,Архангельский,2019,ПП,архангельский,2940,5.510204081632653
464,2-1,258,2,Архангельский,2019,ПП,архангельский,2940,8.775510204081632
465,1-0.5,28,2,Архангельский,2019,ПП,архангельский,2940,0.9523809523809524
466,0.5-0.25,64,2,Архангельский,2019,ПП,архангельский,2940,2.1768707482993195
467,<0.25,72,2,Архангельский,2019,ПП,архангельский,2940,2.4489795918367347
468,>10,1982,3,Архангельский,2019,ПП,архангельский,3688,53.74186550976139
469,10-7,310,3,Архангельский,2019,ПП,архангельский,3688,8.405639913232104
470,7-5,278,3,Архангельский,2019,ПП,архангельский,3688,7.537960954446854
471,5-3,274,3,Архангельский,2019,ПП,архангельский,3688,7.429501084598698
472,3-2,215,3,Архангельский,2019,ПП,архангельский,3688,5.829718004338394
473,2-1,349,3,Архангельский,2019,ПП,архангельский,3688,9.463123644251628
474,1-0.5,30,3,Архангельский,2019,ПП,архангельский,3688,0.8134490238611713
475,0.5-0.25,99,3,Архангельский,2019,ПП,архангельский,3688,2.6843817787418653
476,<0.25,151,3,Архангельский,2019,ПП,архангельский,3688,4.094360086767896
477,>10,2165,4,Архангельский,2019,ПП,архангельский,3371,64.22426579649955
478,10-7,233,4,Архангельский,2019,ПП,архангельский,3371,6.911895579946603
479,7-5,244,4,Архангельский,2019,ПП,архангельский,3371,7.238208246811036
480,5-3,236,4,Архангельский,2019,ПП,архангельский,3371,7.000889943636903
481,3-2,171,4,Архангельский,2019,ПП,архангельский,3371,5.072678730347078
482,2-1,127,4,Архангельский,2019,ПП,архангельский,3371,3.7674280628893504
483,1-0.5,25,4,Архангельский,2019,ПП,архангельский,3371,0.7416196974191634
484,0.5-0.25,74,4,Архангельский,2019,ПП,архангельский,3371,2.1951943043607236
485,<0.25,96,4,Архангельский,2019,ПП,архангельский,3371,2.8478196380895877
486,>10,1711,5,Архангельский,2019,ПП,архангельский,3021,56.636875206885136
487,10-7,209,5,Архангельский,2019,ПП,архангельский,3021,6.918238993710692
488,7-5,213,5,Архангельский,2019,ПП,архангельский,3021,7.0506454816285995
489,5-3,242,5,Архангельский,2019,ПП,архангельский,3021,8.010592519033432
490,3-2,185,5,Архангельский,2019,ПП,архангельский,3021,6.123800066203244
491,2-1,227,5,Архангельский,2019,ПП,архангельский,3021,7.514068189341278
492,1-0.5,85,5,Архангельский,2019,ПП,архангельский,3021,2.8136378682555447
493,0.5-0.25,78,5,Архангельский,2019,ПП,архангельский,3021,2.5819265143992056
494,<0.25,71,5,Архангельский,2019,ПП,архангельский,3021,2.3502151605428665
